Star,Main ID,TIC,Sectors,Pmix,ATL numax (muHz),RA,DEC,SpT,V,H,K,Diam,Err,Reference,Instrument,Fast,TIC 0.8M numax (muHz),TIC 1.2M numax (muHz),TIC 2.4M numax (muHz)
GJ 412A,BD+44 2051,252803603,21,,,11 05 28.5779,+43 31 36.391,M1.0Ve,,5.001999855041504,4.769000053405762,0.764,0.017,"Boyajian et al. 2012, ApJ, 757, 112",CLASSIC,False,,,
GJ 436,Ross 905,138819293,22,,,11 42 11.0933,+26 42 23.658,M3V,10.61299991607666,6.318999767303467,6.072999954223633,0.41700000000000004,0.013000000000000001,"K. von Braun, et al., The Astrophysical Journal, 753, 171 (2012).",CLASSIC,False,,,
GJ 514,BD+11 2576,404519959,23,,,13 29 59.7856,+10 22 37.784,M1.0Ve,9.029000282287598,5.300000190734863,5.035999774932861,0.753,0.052000000000000005,Berger et al. 2006,CLASSIC,False,,,
GJ 649,BD+25 3173,236743275,25,,,16 58 08.8497,+25 44 38.971,M2V,9.654999732971191,5.864999771118164,5.624000072479248,0.484,0.012,"K. von Braun, et al., Monthly Notices of the Royal Astronomical Society, 438, 2413 (2014).",CLASSIC,False,,,
GJ 687,BD+68 946,233193964,"14, 15, 16, 17, 19, 20, 22, 23, 24, 25, 26",,,17 36 25.8991,+68 20 20.904,M3.0V,,4.769999980926514,4.547999858856201,0.8590000000000001,0.013999999999999999,"Boyajian et al. 2012, ApJ, 757, 112",CLASSIC,False,,,
GJ 687,BD+68 946,233193964,"14, 15, 16, 17, 19, 20, 22, 23, 24, 25, 26",,,17 36 25.8991,+68 20 20.904,M3.0V,,4.769999980926514,4.547999858856201,1.0090000000000001,0.077,Berger et al. 2006,CLASSIC,False,,,
GJ 876,BD-15 6290,188580272,"2, 29",,,22 53 16.7323,-14 15 49.303,M3.5V,10.192000389099121,5.348999977111816,5.010000228881836,0.746,0.009000000000000001,"K. von Braun, et al., Monthly Notices of the Royal Astronomical Society, 438, 2413 (2014).",CLASSIC,False,,,
GJ 876,BD-15 6290,188580272,29,,,22 53 16.7323,-14 15 49.303,M3.5V,10.192000389099121,5.348999977111816,5.010000228881836,0.746,0.009000000000000001,"K. von Braun, et al., Monthly Notices of the Royal Astronomical Society, 438, 2413 (2014).",CLASSIC,True,,,
HD 166,HD 166,238432056,17,,,00 06 36.7840,+29 01 17.410,G8,,4.629000186920166,4.314000129699707,0.624,0.009000000000000001,"Boyajian et al. 2013, ApJ, 771, 40",CLASSIC,False,3214.6991754553546,4822.048763183031,9644.097526366062
HD 203,HD 203,229012143,"2, 29",0.5830000042915344,1783.689,00 06 50.0865,-23 06 27.147,F3V,6.172999858856201,5.330999851226807,5.239999771118164,0.49200000000000005,0.032,"M. Simon and G.H. Schaefer, The Astrophysical Journal, 743, 158 (2011).",CLASSIC,False,1010.9917754509969,1516.4876631764953,3032.9753263529906
HD 1326,V* GX And,440109725,17,,,00 18 22.8849,+44 01 22.637,M2V,,4.47599983215332,4.019999980926514,1.005,0.005,"Boyajian et al. 2012, ApJ, 757, 112",CLASSIC,False,,,
HD 1326,V* GX And,440109725,17,,,00 18 22.8849,+44 01 22.637,M2V,,4.47599983215332,4.019999980926514,0.988,0.016,Berger et al. 2006,CLASSIC,False,,,
HD 1326,V* GX And,440109725,17,,,00 18 22.8849,+44 01 22.637,M2V,,4.47599983215332,4.019999980926514,1.005,0.005,"A.W. Howard, et al., The Astrophysical Journal, 794, 51 (2014).",CLASSIC,False,,,
HD 1461,HD 1461,37748347,3,,,00 18 41.8673,-08 03 10.805,G3VFe0.5,6.460000038146973,5.040999889373779,4.896999835968018,0.498,0.011000000000000001,"K. von Braun, et al., Monthly Notices of the Royal Astronomical Society, 438, 2413 (2014).",CLASSIC,False,1952.2149877650825,2928.322481647624,5856.644963295248
HD 1671,rho And,288294358,17,0.9620000123977661,426.098,00 21 07.2689,+37 58 06.972,F5IV-V,5.179999828338623,4.2179999351501465,4.068999767303467,0.6,0.006,"Ligi et al. 2016, A&A, 586, A94",VEGA,False,229.9167964284613,344.87519464269195,689.7503892853839
HD 2774,HD 2774,202715253,17,,,00 31 41.1569,+52 50 22.297,K2III,5.5960001945495605,3.180000066757202,2.996999979019165,1.3030000000000002,0.023,"E. Baines et al., Astronomical Journal, 152, 66 (2016).",CLASSIC,False,14.507591265422056,21.761386898133082,43.522773796266165
HD 3360,zet Cas,240669906,17,,,00 36 58.2841,+53 53 48.867,B2IV,3.6600000858306885,4.248000144958496,4.247000217437744,0.311,0.01,"Maestro et al. 2013, MNRAS, 434, 1321",PAVO,False,,,
HD 3651,54 Psc,434210589,17,,,00 39 21.8055,+21 15 01.716,K0.5V,5.880000114440918,4.03000020980835,3.999000072479248,0.722,0.006999999999999999,"Ligi et al. 2016, A&A, 586, A94",VEGA,False,3403.3124525550998,5104.96867883265,10209.9373576653
HD 3651,54 Psc,434210589,17,,,00 39 21.8055,+21 15 01.716,K0.5V,5.880000114440918,4.03000020980835,3.999000072479248,0.79,0.027000000000000003,"Baines et al. 2008, ApJ, 680, 728",CLASSIC,False,3403.3124525550998,5104.96867883265,10209.9373576653
HD 4614,eta Cas,445258206,"17, 18, 24",1.0,2953.201,00 49 06.2907,+57 48 54.675,F9V+M0-V,3.440000057220459,2.0199999809265137,1.9900000095367432,1.6230000000000002,0.004,"Boyajian et al. 2012, ApJ, 746, 101",CLASSIC,False,1996.1863891730854,2994.2795837596286,5988.559167519257
HD 4747,HD 4747,369395755,"3, 30",,,00 49 26.7612,-23 12 44.865,G8/K0V,7.15500020980835,5.433000087738037,5.304999828338623,0.39,0.006,"C. Wood, et al., The Astrophysical Journal, 873, 83 (2019)\",PAVO,False,4014.6335459487977,6021.950318923197,12043.900637846395
HD 4747,HD 4747,369395755,30,,,00 49 26.7612,-23 12 44.865,G8/K0V,7.15500020980835,5.433000087738037,5.304999828338623,0.39,0.006,"C. Wood, et al., The Astrophysical Journal, 873, 83 (2019)\",PAVO,True,4014.6335459487977,6021.950318923197,12043.900637846395
HD 5015,HD 5015,285544488,"17, 18, 24",1.0,1294.598,00 53 04.1958,+61 07 26.301,F9V,4.800000190734863,3.559999942779541,3.5399999618530273,0.865,0.01,"Boyajian et al. 2012, ApJ, 746, 101",CLASSIC,False,848.4542740478632,1272.681411071795,2545.36282214359
HD 5448,mu. And,432698066,17,,,00 56 45.2121,+38 29 57.638,A6V,3.869999885559082,3.5,3.490000009536743,0.708,0.013000000000000001,"Maestro et al. 2013, MNRAS, 434, 1321",PAVO,False,,,
HD 6210,HD 6210,52264484,"18, 24",,,01 04 19.4507,+61 34 48.660,F6V,5.833000183105469,4.794000148773193,4.445000171661377,0.52,0.006,"Boyajian et al. 2013, ApJ, 771, 40",CLASSIC,False,122.60700438310796,183.91050657466195,367.8210131493239
HD 6497,HD 6497,252183048,"17, 18",,,01 07 00.1744,+56 56 05.895,K2III-IV,6.401000022888184,3.992000102996826,3.88100004196167,0.731,0.044000000000000004,"E. Baines et al., Astronomical Journal, 152, 66 (2016).",CLASSIC,False,23.74914216034037,35.62371324051056,71.24742648102112
HD 6582,mu. Cas,252191219,"17, 18",,,01 08 16.3947,+54 55 13.226,G5Vb,5.170000076293945,3.5999999046325684,3.5,0.972,0.009000000000000001,"Boyajian et al. 2012, ApJ, 746, 101",CLASSIC,False,5574.762351002375,8362.143526503563,16724.287053007127
HD 6582,mu. Cas,252191219,"17, 18",,,01 08 16.3947,+54 55 13.226,G5Vb,5.170000076293945,3.5999999046325684,3.5,0.973,0.009000000000000001,"Boyajian et al. 2008, ApJ, 683, 424",CLASSIC,False,5574.762351002375,8362.143526503563,16724.287053007127
HD 7924,HD 7924,468723402,"18, 19",,,01 21 59.1132,+76 42 37.037,K0.5V,7.166999816894531,5.230999946594238,5.158999919891357,0.433,0.013999999999999999,"K. von Braun, et al., Monthly Notices of the Royal Astronomical Society, 438, 2413 (2014).",CLASSIC,False,4202.904746036989,6304.357119055483,12608.714238110966
HD 9826,ups And,189576919,17,1.0,1336.345,01 36 47.8421,+41 24 19.644,F9V,4.099999904632568,2.9570000171661377,2.859999895095825,1.161,0.027000000000000003,"Ligi et al. 2016, A&A, 586, A94",VEGA,False,900.7726254800817,1351.1589382201228,2702.3178764402455
HD 9826,ups And,189576919,17,1.0,1336.345,01 36 47.8421,+41 24 19.644,F9V,4.099999904632568,2.9570000171661377,2.859999895095825,1.114,0.009000000000000001,"Baines et al. 2008, ApJ, 680, 728",CLASSIC,False,900.7726254800817,1351.1589382201228,2702.3178764402455
HD 9826,ups And,189576919,17,1.0,1336.345,01 36 47.8421,+41 24 19.644,F9V,4.099999904632568,2.9570000171661377,2.859999895095825,1.18,0.01,"R. Ligi, et al., Astronomy and Astrophysics, 545, 5 (2012).",VEGA,False,900.7726254800817,1351.1589382201228,2702.3178764402455
HD 10476,107 Psc,113710966,17,,,01 42 29.7634,+20 16 06.660,K1V,5.239999771118164,3.390000104904175,3.25,1.0,0.004,"Boyajian et al. 2013, ApJ, 771, 40",CLASSIC,False,3771.351073272415,5657.026609908622,11314.053219817244
HD 10697,109 Psc,456905162,17,0.9990000128746033,915.421,01 44 55.8251,+20 04 59.336,G3Va,6.2789998054504395,4.677999973297119,4.60099983215332,0.547,0.013000000000000001,"Boyajian et al. 2013, ApJ, 771, 40",CLASSIC,False,744.7450205706497,1117.1175308559746,2234.235061711949
HD 10697,109 Psc,456905162,17,0.9990000128746033,915.421,01 44 55.8251,+20 04 59.336,G3Va,6.2789998054504395,4.677999973297119,4.60099983215332,0.485,0.046,"Baines et al. 2008, ApJ, 680, 728",CLASSIC,False,744.7450205706497,1117.1175308559746,2234.235061711949
HD 10700,tau Cet,419015728,"3, 30",,,01 44 04.0834,-15 56 14.926,G8V,3.5,1.7200000286102295,1.6799999475479126,2.015,0.011000000000000001,Di Folco et al. 2007,FLUOR,False,3719.4264742079085,5579.139711311863,11158.279422623726
HD 10700,tau Cet,419015728,30,,,01 44 04.0834,-15 56 14.926,G8V,3.5,1.7200000286102295,1.6799999475479126,2.015,0.011000000000000001,Di Folco et al. 2007,FLUOR,True,3719.4264742079085,5579.139711311863,11158.279422623726
HD 10780,HD 10780,373694425,"18, 24, 25",,,01 47 44.8336,+63 51 09.007,K0V,5.630000114440918,3.880000114440918,3.8399999141693115,0.763,0.019,"Boyajian et al. 2012, ApJ, 746, 101",CLASSIC,False,3534.3411547960422,5301.511732194063,10603.023464388127
HD 10780,HD 10780,373694425,"18, 24, 25",,,01 47 44.8336,+63 51 09.007,K0V,5.630000114440918,3.880000114440918,3.8399999141693115,0.763,0.021,"Boyajian et al. 2008, ApJ, 683, 424",CLASSIC,False,3534.3411547960422,5301.511732194063,10603.023464388127
HD 11964,HD 11964,24978373,"3, 30",1.0,766.246,01 57 09.6073,-10 14 32.731,G9VCN+1,6.420000076293945,4.63700008392334,4.489999771118164,0.607,0.015,"Boyajian et al. 2013, ApJ, 771, 40",CLASSIC,False,640.8778533532932,961.3167800299399,1922.6335600598798
HD 11964,HD 11964,24978373,"3, 30",1.0,766.246,01 57 09.6073,-10 14 32.731,G9VCN+1,6.420000076293945,4.63700008392334,4.489999771118164,0.611,0.081,"Baines et al. 2008, ApJ, 680, 728",CLASSIC,False,640.8778533532932,961.3167800299399,1922.6335600598798
HD 11964,HD 11964,24978373,30,1.0,766.246,01 57 09.6073,-10 14 32.731,G9VCN+1,6.420000076293945,4.63700008392334,4.489999771118164,0.607,0.015,"Boyajian et al. 2013, ApJ, 771, 40",CLASSIC,True,640.8778533532932,961.3167800299399,1922.6335600598798
HD 11964,HD 11964,24978373,30,1.0,766.246,01 57 09.6073,-10 14 32.731,G9VCN+1,6.420000076293945,4.63700008392334,4.489999771118164,0.611,0.081,"Baines et al. 2008, ApJ, 680, 728",CLASSIC,True,640.8778533532932,961.3167800299399,1922.6335600598798
HD 13982,8 Per,264552400,18,,,02 17 59.8874,+57 53 59.352,K3III,5.748000144958496,3.203000068664551,2.884000062942505,1.169,0.032,"E. Baines et al., Astronomical Journal, 152, 66 (2016).",CLASSIC,False,10.443650495475795,15.665475743213692,31.330951486427384
HD 16765,84 Cet,35761475,"4, 31",0.48100000619888306,2231.017,02 41 13.9972,-00 41 44.384,F7V,5.710000038146973,4.642000198364258,4.50600004196167,0.49700000000000005,0.006999999999999999,"Boyajian et al. 2013, ApJ, 771, 40",CLASSIC,False,,,
HD 16765,84 Cet,35761475,31,0.48100000619888306,2231.017,02 41 13.9972,-00 41 44.384,F7V,5.710000038146973,4.642000198364258,4.50600004196167,0.49700000000000005,0.006999999999999999,"Boyajian et al. 2013, ApJ, 771, 40",CLASSIC,True,,,
HD 16895,tet Per,302158903,18,1.0,2057.354,02 44 11.9870,+49 13 42.411,F8V,4.110000133514404,3.069999933242798,2.7799999713897705,1.103,0.009000000000000001,"Boyajian et al. 2012, ApJ, 746, 101",CLASSIC,False,1367.551413607903,2051.3271204118546,4102.654240823709
HD 19373,iot Per,116988032,18,1.0,1658.789,03 09 04.0198,+49 36 47.799,G0V,,2.875,2.640000104904175,1.246,0.008,"Boyajian et al. 2012, ApJ, 746, 101",CLASSIC,False,1228.3033388948602,1842.45500834229,3684.91001668458
HD 19467,HD 19467,441501782,"4, 31",,,03 07 18.5750,-13 45 42.419,G3V,7.0,5.447000026702881,5.401000022888184,0.376,0.013999999999999999,"C. Wood, et al., The Astrophysical Journal, 873, 83 (2019)",PAVO,False,1676.5207366524098,2514.7811049786146,5029.562209957229
HD 19467,HD 19467,441501782,31,,,03 07 18.5750,-13 45 42.419,G3V,7.0,5.447000026702881,5.401000022888184,0.376,0.013999999999999999,"C. Wood, et al., The Astrophysical Journal, 873, 83 (2019)",PAVO,True,1676.5207366524098,2514.7811049786146,5029.562209957229
HD 19994,94 Cet,49845357,"4, 31",1.0,1033.992,03 12 46.4369,-01 11 45.949,F8.5V,5.070000171661377,3.7699999809265137,3.75,0.7609999999999999,0.011000000000000001,"Ligi et al. 2016, A&A, 586, A94",VEGA,False,749.0505662944313,1123.575849441647,2247.151698883294
HD 19994,94 Cet,49845357,"4, 31",1.0,1033.992,03 12 46.4369,-01 11 45.949,F8.5V,5.070000171661377,3.7699999809265137,3.75,0.7879999999999999,0.026000000000000002,"Baines et al. 2008, ApJ, 680, 728",CLASSIC,False,749.0505662944313,1123.575849441647,2247.151698883294
HD 20367,HD 20367,101349357,18,,,03 17 40.0466,+31 07 37.358,F8V,6.39900016784668,5.117000102996826,5.039000034332275,0.408,0.109,"Baines et al. 2008, ApJ, 680, 728",CLASSIC,False,1913.8987355092436,2870.848103263865,5741.69620652773
HD 20630,kap01 Cet,343813545,"4, 31",,,03 19 21.6963,+03 22 12.715,G5V,4.849999904632568,3.3499999046325684,3.3399999141693115,0.9359999999999999,0.025,"Boyajian et al. 2012, ApJ, 746, 101",CLASSIC,False,2789.9399396088425,4184.909909413263,8369.819818826527
HD 20630,kap01 Cet,343813545,31,,,03 19 21.6963,+03 22 12.715,G5V,4.849999904632568,3.3499999046325684,3.3399999141693115,0.9359999999999999,0.025,"Boyajian et al. 2012, ApJ, 746, 101",CLASSIC,True,2789.9399396088425,4184.909909413263,8369.819818826527
HD 21019,HD 21019,9967949,"4, 31",1.0,719.001,03 23 17.7006,-07 47 38.751,G5/6V,6.230000019073486,4.578999996185303,4.416999816894531,0.606,0.015,"Boyajian et al. 2013, ApJ, 771, 40",CLASSIC,False,506.7751747972206,760.1627621958309,1520.3255243916617
HD 22049,eps Eri,118572803,"4, 31",,,03 32 55.8449,-09 27 29.731,K2V,3.7300000190734863,1.75,1.6699999570846558,2.126,0.013999999999999999,Di Folco et al. 2007,FLUOR,False,4641.902075264188,6962.853112896282,13925.706225792565
HD 22049,eps Eri,118572803,31,,,03 32 55.8449,-09 27 29.731,K2V,3.7300000190734863,1.75,1.6699999570846558,2.126,0.013999999999999999,Di Folco et al. 2007,FLUOR,True,4641.902075264188,6962.853112896282,13925.706225792565
HD 22484,10 Tau,649766486,31,1.0,1318.913,03 36 52.1448,+00 23 58.536,F9IV-V,4.300000190734863,3.009999990463257,2.9100000858306885,1.081,0.013999999999999999,"Boyajian et al. 2012, ApJ, 746, 101",CLASSIC,False,,,
HD 23596,HD 23596,201266092,18,0.4490000009536743,1234.114,03 48 00.3743,+40 31 50.300,F8,7.239999771118164,5.961999893188477,5.874000072479248,0.381,0.044000000000000004,"Baines et al. 2008, ApJ, 680, 728",CLASSIC,False,978.9223225466467,1468.3834838199703,2936.7669676399405
HD 24398,zet Per,94367286,18,,,03 54 07.9224,+31 53 01.081,B1Ib,2.8499999046325684,2.6500000953674316,2.640000104904175,0.542,0.006999999999999999,"Challouf et al. 2014, A&A, 570, A104",VEGA,False,,,
HD 24712,V* DO Eri,279485093,"5, 31",0.5460000038146973,1263.281,03 55 16.1314,-12 05 56.729,A9VpSrEuCr,6.0,5.314000129699707,5.26200008392334,0.335,0.009000000000000001,"K. Perraut, et al., Astronomy & Astrophysics, 590, A117 (2016).",VEGA,False,,,
HD 24712,V* DO Eri,279485093,31,0.5460000038146973,1263.281,03 55 16.1314,-12 05 56.729,A9VpSrEuCr,6.0,5.314000129699707,5.26200008392334,0.335,0.009000000000000001,"K. Perraut, et al., Astronomy & Astrophysics, 590, A117 (2016).",VEGA,True,,,
HD 25457,HD 25457,9150015,"5, 32",0.6010000109672546,2447.836,04 02 36.7451,-00 16 08.118,F7V,5.380000114440918,4.3420000076293945,4.181000232696533,0.5820000000000001,0.016,"G. Schaefer, et al., Astrophysical Journal, 858, 71 (2018).",CLASSIC,False,1593.35786429822,2390.03679644733,4780.07359289466
HD 25457,HD 25457,9150015,32,0.6010000109672546,2447.836,04 02 36.7451,-00 16 08.118,F7V,5.380000114440918,4.3420000076293945,4.181000232696533,0.5820000000000001,0.016,"G. Schaefer, et al., Astrophysical Journal, 858, 71 (2018).",CLASSIC,True,1593.35786429822,2390.03679644733,4780.07359289466
HD 26965,omi02 Eri,67772871,"5, 32",,,04 15 16.3197,-07 39 10.338,K0V,4.429999828338623,2.4800000190734863,2.4100000858306885,1.504,0.006,"Boyajian et al. 2012, ApJ, 757, 112",CLASSIC,False,3697.348293754241,5546.022440631361,11092.044881262722
HD 26965,omi02 Eri,67772871,32,,,04 15 16.3197,-07 39 10.338,K0V,4.429999828338623,2.4800000190734863,2.4100000858306885,1.504,0.006,"Boyajian et al. 2012, ApJ, 757, 112",CLASSIC,True,3697.348293754241,5546.022440631361,11092.044881262722
HD 29391,51 Eri,298810162,"5, 32",0.5429999828338623,1939.311,04 37 36.1323,-02 28 24.778,F0IV,5.209000110626221,4.769999980926514,4.5370001792907715,0.518,0.009000000000000001,"M. Simon and G.H. Schaefer, The Astrophysical Journal, 743, 158 (2011).",CLASSIC,False,997.7377884903239,1496.606682735486,2993.213365470972
HD 30652,pi.03 Ori,399665349,"5, 32",1.0,1896.297,04 49 50.4109,+06 57 40.588,F6V,3.190000057220459,2.1500000953674316,2.049999952316284,1.526,0.004,"Boyajian et al. 2012, ApJ, 746, 101",CLASSIC,False,1251.4522049104387,1877.1783073656582,3754.3566147313163
HD 31579,8 Cam,453086511,19,,,04 59 46.3283,+53 09 19.625,K3III,6.083000183105469,2.7980000972747803,2.5169999599456787,1.5930000000000002,0.008,"E. Baines et al., Astronomical Journal, 152, 66 (2016).",CLASSIC,False,2.156550783863529,3.234826175795293,6.469652351590586
HD 32518,HD 32518,310836777,19,,,05 09 36.7200,+69 38 21.855,K1III,6.420000076293945,3.992000102996826,3.9110000133514404,0.851,0.022000000000000002,"E.K. Baines, et al., The Astrophysical Journal, 710, 1365 (2010).",CLASSIC,False,23.669641219796468,35.5044618296947,71.0089236593894
HD 33564,HD 33564,142103211,"19, 20, 25, 26",0.996999979019165,1520.326,05 22 33.5290,+79 13 52.142,F7V,,4.201000213623047,3.9110000133514404,0.64,0.01,"K. von Braun, et al., Monthly Notices of the Royal Astronomical Society, 438, 2413 (2014).",CLASSIC,False,1088.5375826564964,1632.8063739847446,3265.612747969489
HD 34411,lam Aur,409104974,19,0.9990000128746033,1826.711,05 19 08.4754,+40 05 56.589,G1.5IV-VFe-1,4.710000038146973,3.3299999237060547,3.2699999809265137,0.981,0.015,"Boyajian et al. 2012, ApJ, 746, 101",CLASSIC,False,1495.8223995630883,2243.7335993446327,4487.467198689265
HD 35468,gam Ori,365572007,"6, 32",,,05 25 07.8632,+06 20 58.931,B2V,1.6399999856948853,2.240000009536743,2.319999933242798,0.715,0.005,"Challouf et al. 2014, A&A, 570, A104",VEGA,False,,,
HD 36395,HD 36395,50726077,"6, 32",,,05 31 27.3958,-03 40 38.021,M1.5Ve,7.9679999351501465,4.050000190734863,3.9000000953674316,0.943,0.004,"Boyajian et al. 2012, ApJ, 757, 112",CLASSIC,False,,,
HD 38529,HD 38529,200093173,6,1.0,419.767,05 46 34.9129,+01 10 05.512,G8III/IV,,4.380000114440918,4.210000038146973,0.573,0.049,"Baines et al. 2008, ApJ, 680, 728",CLASSIC,False,315.03347749804107,472.5502162470616,945.1004324941232
HD 38678,zet Lep,317132886,"6, 32, 33",,,05 46 57.3409,-14 49 19.019,A2IV-V(n),3.5250000953674316,3.313999891281128,3.2860000133514404,0.67,0.14,"Akeson et al. 2009, ApJ, 691, 1896",FLUOR,False,,,
HD 38858,HD 38858,176521059,"6, 33",,,05 48 34.9401,-04 05 40.719,G2V,5.96999979019165,4.59499979019165,4.40500020980835,0.5720000000000001,0.009000000000000001,"Boyajian et al. 2013, ApJ, 771, 40",CLASSIC,False,2933.8803061433086,4400.820459214963,8801.640918429926
HD 45410,6 Lyn,444865362,20,,,06 30 47.1070,+58 09 45.480,K0.5IIIbFe0.5,5.855000019073486,3.825000047683716,3.7009999752044678,0.853,0.013000000000000001,White et al. 2018,PAVO,False,100.93293788337664,151.39940682506494,302.7988136501299
HD 45410,6 Lyn,444865362,20,,,06 30 47.1070,+58 09 45.480,K0.5IIIbFe0.5,5.855000019073486,3.825000047683716,3.7009999752044678,0.97,0.035,"Baines, et al., The Astrophysical Journal, 701, 154 (2009)",CLASSIC,False,100.93293788337664,151.39940682506494,302.7988136501299
HD 48737,ksi Gem,372480991,"6, 33",1.0,568.65,06 45 17.3643,+12 53 44.131,F5IV-V,3.359999895095825,1.8109999895095825,2.299999952316284,1.401,0.009000000000000001,"Boyajian et al. 2012, ApJ, 746, 101",CLASSIC,False,,,
HD 49933,HD 49933,281812116,"6, 33",,,06 50 49.831,-00 32 27.18,F3V,,,,0.445,0.012,"L. Bigot, et al., Astronomy and Astrophysics, 534, L3 (2011).",VEGA,False,1135.0732141877825,1702.6098212816737,3405.2196425633474
HD 49933,HD 49933,281812116,33,,,06 50 49.831,-00 32 27.18,F3V,,,,0.445,0.012,"L. Bigot, et al., Astronomy and Astrophysics, 534, L3 (2011).",VEGA,True,1135.0732141877825,1702.6098212816737,3405.2196425633474
HD 50890,HD 50890,282893379,"6, 33",,,06 54 58.9169,-02 48 12.925,K2III,6.017000198364258,3.7170000076293945,3.6519999504089355,1.006,0.02,"E.K. Baines, et al., The Astrophysical Journal, 772, 16 (2013).",CLASSIC,False,3.5659787022010905,5.348968053301636,10.697936106603272
HD 58946,rho Gem,239137207,20,0.8019999861717224,1715.037,07 29 06.7188,+31 47 04.377,F1V,4.179999828338623,3.1600000858306885,2.9800000190734863,0.853,0.013999999999999999,"Boyajian et al. 2012, ApJ, 746, 101",CLASSIC,False,832.5543930671993,1248.8315896007991,2497.6631792015983
HD 69830,HD 69830,307624961,7,,,08 18 23.9469,-12 37 55.810,G8:V,5.949999809265137,4.360000133514404,4.164999961853027,0.674,0.013999999999999999,"A. Tanner, et al., The Astrophysical Journal, 800, 115 (2015).",CLASSIC,False,3207.47193830759,4811.207907461385,9622.41581492277
HD 73108,pi.02 UMa,356478817,20,,,08 40 12.8204,+64 19 40.573,K1+III,4.610000133514404,1.940000057220459,1.8799999952316284,2.225,0.02,"E.K. Baines, et al., The Astrophysical Journal, 710, 1365 (2010).",CLASSIC,False,9.777809063382469,14.666713595073702,29.333427190147404
HD 75732,rho01 Cnc,332064670,21,,,08 52 35.8113,+28 19 50.956,K0IV-V,,4.139999866485596,4.014999866485596,0.7240000000000001,0.012,"Ligi et al. 2016, A&A, 586, A94",VEGA,False,2802.245965804901,4203.368948707352,8406.737897414703
HD 75732,rho01 Cnc,332064670,21,,,08 52 35.8113,+28 19 50.956,K0IV-V,,4.139999866485596,4.014999866485596,0.8540000000000001,0.024,"Baines et al. 2008, ApJ, 680, 728",CLASSIC,False,2802.245965804901,4203.368948707352,8406.737897414703
HD 75732,rho01 Cnc,332064670,21,,,08 52 35.8113,+28 19 50.956,K0IV-V,,4.139999866485596,4.014999866485596,0.711,0.004,"K. von Braun, et al., The Astrophysical Journal, 740, 49 (2011).",CLASSIC,False,2802.245965804901,4203.368948707352,8406.737897414703
HD 79210,HD 79210,251078595,21,,,09 14 22.7754,+52 41 11.792,K7V,,3.986999988555908,3.990000009536743,0.871,0.015,"Boyajian et al. 2012, ApJ, 757, 112",CLASSIC,False,,,
HD 79211,HD 79211,251078597,21,,,09 14 24.6830,+52 41 10.906,M0V,,4.043000221252441,4.139999866485596,0.856,0.016,"Boyajian et al. 2012, ApJ, 757, 112",CLASSIC,False,,,
HD 81937,h UMa,86336880,"20, 21",0.5260000228881836,580.841,09 31 31.7087,+63 03 42.701,F0IV,3.6700000762939453,3.0250000953674316,2.819999933242798,1.133,0.009000000000000001,"Boyajian et al. 2012, ApJ, 746, 101",CLASSIC,False,283.8990981329699,425.84864719945494,851.6972943989099
HD 82885,11 LMi,8915802,21,,,09 35 39.5018,+35 48 36.484,G8Va,5.340000152587891,3.7200000286102295,3.690000057220459,0.821,0.013000000000000001,"Boyajian et al. 2012, ApJ, 746, 101",CLASSIC,False,2628.4659981274685,3942.6989971912035,7885.397994382407
HD 86728,20 LMi,172954294,21,0.8019999861717224,2034.709,10 01 00.6567,+31 55 25.216,G3VaHdel1,,4.039999961853027,3.819999933242798,0.7709999999999999,0.012,"Boyajian et al. 2012, ApJ, 746, 101",CLASSIC,False,1778.8209908467493,2668.231486270124,5336.462972540248
HD 89744,HD 89744,8154501,21,1.0,750.376,10 22 10.5623,+41 13 46.308,F7V,,4.53000020980835,4.453999996185303,0.556,0.032,"G. Schaefer, et al., Astrophysical Journal, 858, 71 (2018).",CLASSIC,False,524.3067531782253,786.460129767338,1572.920259534676
HD 90043,24 Sex,1713457,8,,,10 23 28.3693,-00 54 08.077,K0IV,6.440999984741211,4.486000061035156,4.284999847412109,0.659,0.009000000000000001,White et al. 2018,PAVO,False,109.18832339439562,163.78248509159343,327.56497018318686
HD 95418,bet UMa,141120277,21,,,11 01 50.4765,+56 22 56.733,A1IVps,2.369999885559082,2.3589999675750732,2.3499999046325684,1.149,0.013999999999999999,"Boyajian et al. 2012, ApJ, 746, 101",CLASSIC,False,,,
HD 95608,b Leo,97487099,22,,,11 02 19.7757,+20 10 47.426,kA1VmA3V,4.3979997634887695,4.323999881744385,4.315000057220459,0.43,0.017,"Maestro et al. 2013, MNRAS, 434, 1321",PAVO,False,,,
HD 95735,HD 95735,166646191,22,,,11 03 20.1940,+35 58 11.568,M2+V,7.519999980926514,3.640000104904175,3.3399999141693115,1.432,0.013000000000000001,"Boyajian et al. 2012, ApJ, 757, 112",CLASSIC,False,,,
HD 97603,del Leo,159523958,22,,,11 14 06.5014,+20 31 25.385,A5IV(n),2.5299999713897705,2.2799999713897705,2.240000009536743,1.328,0.009000000000000001,"Boyajian et al. 2012, ApJ, 746, 101",CLASSIC,False,,,
HD 97603,del Leo,159523958,22,,,11 14 06.5014,+20 31 25.385,A5IV(n),2.5299999713897705,2.2799999713897705,2.240000009536743,1.165,0.022000000000000002,"Akeson et al. 2009, ApJ, 691, 1896",FLUOR,False,,,
HD 97633,tet Leo,77172923,22,,,11 14 14.4044,+15 25 46.454,A2IV,3.3499999046325684,3.190000057220459,3.299999952316284,0.74,0.024,"Maestro et al. 2013, MNRAS, 434, 1321",PAVO,False,,,
HD 101501,61 UMa,101641846,22,,,11 41 03.0159,+34 12 05.882,G8V,5.340000152587891,3.609999895095825,3.5880000591278076,0.91,0.009000000000000001,"Boyajian et al. 2012, ApJ, 746, 101",CLASSIC,False,3354.6538833444133,5031.980825016621,10063.961650033241
HD 102328,HD 102328,459186567,"15, 21, 22",,,11 46 55.6228,+55 37 41.487,K2.5IIIbCN1,5.254000186920166,2.884000062942505,2.631999969482422,1.6059999999999999,0.006,"E.K. Baines, et al., The Astrophysical Journal, 710, 1365 (2010).",CLASSIC,False,22.119817573527637,33.179726360291454,66.35945272058291
HD 103095,HD 103095,309599261,22,,,11 52 58.7683,+37 43 07.240,K1V_Fe-1.5,6.449999809265137,4.5,4.373000144958496,0.696,0.005,"Boyajian et al. 2012, ApJ, 746, 101",CLASSIC,False,6093.738629616036,9140.607944424055,18281.21588884811
HD 103095,HD 103095,309599261,22,,,11 52 58.7683,+37 43 07.240,K1V_Fe-1.5,6.449999809265137,4.5,4.373000144958496,0.679,0.006999999999999999,"O.L. Creevey, et al., Astronomy and Astrophysics, 545, 17 (2012).O.L. Creevey, et al., Astronomy and Astrophysics, 545, 17 (2012).",VEGA,False,6093.738629616036,9140.607944424055,18281.21588884811
HD 103095,HD 103095,309599261,22,,,11 52 58.7683,+37 43 07.240,K1V_Fe-1.5,6.449999809265137,4.5,4.373000144958496,0.595,0.006999999999999999,"I. Karovicova, et al., Monthly Notices of the Royal Astronomical Society, 475, 81 (2018).",PAVO,False,6093.738629616036,9140.607944424055,18281.21588884811
HD 103605,66 UMa,284627497,"15, 21, 22",,,11 55 58.4171,+56 35 54.805,K1III,5.823999881744385,3.3440001010894775,3.1029999256134033,1.0979999999999999,0.01,"E.K. Baines, et al., The Astrophysical Journal, 710, 1365 (2010).",CLASSIC,False,21.684525050438477,32.526787575657714,65.05357515131543
HD 104985,HD 104985,160224839,"14, 20, 21",,,12 05 15.1177,+76 54 20.638,G8.5IIIb,,3.546999931335449,3.2699999809265137,1.032,0.023,"Baines et al. 2008, ApJ, 680, 728",CLASSIC,False,20.37345475204684,30.56018212807026,61.12036425614052
HD 106574,HD 106574,148878896,"14, 15, 21",,,12 15 08.4925,+70 12 00.029,K2III,5.718999862670898,3.005000114440918,2.7799999713897705,1.4980000000000002,0.027999999999999997,"E.K. Baines, et al., The Astrophysical Journal, 710, 1365 (2010).",CLASSIC,False,6.193908888725342,9.290863333088012,18.581726666176024
HD 109358,bet CVn,458445966,22,0.7739999890327454,3010.832,12 33 44.5448,+41 21 26.924,G0V,4.25,2.880000114440918,2.7200000286102295,1.238,0.03,"Boyajian et al. 2012, ApJ, 746, 101",CLASSIC,False,2108.614074077679,3162.9211111165187,6325.842222233037
HD 113049,HD 113049,198486253,"14, 15, 20",,,12 58 47.3525,+75 28 21.030,K0III,5.989999771118164,3.821000099182129,3.6589999198913574,0.971,0.022000000000000002,"E.K. Baines, et al., The Astrophysical Journal, 710, 1365 (2010).",CLASSIC,False,9.167527288715482,13.751290933073223,27.502581866146446
HD 113337,HD 113337,142350121,"14, 15, 21, 22",0.8309999704360962,1538.403,13 01 46.9272,+63 36 36.795,F6V,,5.052999973297119,5.005000114440918,0.386,0.009000000000000001,"S. Borgniet, et al., accepted by Astronomy and Astrophysics (2019).",VEGA,False,998.0342203565166,1497.051330534775,2994.10266106955
HD 115383,e Vir,397587084,23,0.9810000061988831,1761.967,13 16 46.5161,+09 25 26.967,G0V,,4.10699987411499,4.0329999923706055,0.71,0.02,"M. Bonnefoy, et al., Astronomy and Astrophysics, 618, 63 (2018).",VEGA,False,1327.9098795432064,1991.8648193148094,3983.729638629619
HD 115617,61 Vir,422478973,10,0.4009999930858612,3047.512,13 18 24.3142,-18 18 40.304,G6.5V,4.739999771118164,2.9739999771118164,2.9560000896453857,1.073,0.005,"K. von Braun, et al., Monthly Notices of the Royal Astronomical Society, 438, 2413 (2014).",CLASSIC,False,2609.375237400449,3914.062856100674,7828.125712201348
HD 117176,70 Vir,95473936,23,1.0,929.397,13 28 25.8081,+13 46 43.642,G4Va,4.96999979019165,3.4570000171661377,3.240000009536743,1.0090000000000001,0.024,"Baines et al. 2008, ApJ, 680, 728",CLASSIC,False,687.4458610641746,1031.1687915962618,2062.3375831925237
HD 117176,70 Vir,95473936,23,1.0,929.397,13 28 25.8081,+13 46 43.642,G4Va,4.96999979019165,3.4570000171661377,3.240000009536743,0.998,0.005,"S. R. Kane, et al., The Astrophysical Journal, 806, 60 (2015).",CLASSIC,False,687.4458610641746,1031.1687915962618,2062.3375831925237
HD 118022,o Vir,365159284,23,,,13 34 07.9318,+03 39 32.273,ApEuCrSr,4.940000057220459,4.900000095367432,4.879000186920166,0.34600000000000003,0.006,"K. Perraut, et al., Astronomy and Astrophysics, 579, 85 (2015).",VEGA,False,,,
HD 118098,zet Vir,130726180,23,,,13 34 41.5933,-00 35 45.009,A2Van,3.380000114440918,3.049999952316284,3.069999933242798,0.852,0.009000000000000001,"Boyajian et al. 2012, ApJ, 746, 101",CLASSIC,False,,,
HD 120136,tau Boo,72506701,23,1.0,1578.308,13 47 15.7434,+17 27 24.855,F7IV-V,4.489999771118164,3.549999952316284,3.359999895095825,0.7859999999999999,0.016,"Baines et al. 2008, ApJ, 680, 728",CLASSIC,False,1152.9487222443554,1729.423083366533,3458.846166733066
HD 122563,HD 122563,457862177,23,,,14 02 31.8456,+09 41 09.942,G8:III:Fe-5,6.190000057220459,3.759999990463257,3.7309999465942383,0.94,0.011000000000000001,"O.L. Creevey, et al., Astronomy and Astrophysics, 545, 17 (2012).O.L. Creevey, et al., Astronomy and Astrophysics, 545, 17 (2012).",VEGA,False,3.141279111765872,4.711918667648808,9.423837335297616
HD 122563,HD 122563,457862177,23,,,14 02 31.8456,+09 41 09.942,G8:III:Fe-5,6.190000057220459,3.759999990463257,3.7309999465942383,0.9259999999999999,0.011000000000000001,"I. Karovicova, et al., Monthly Notices of the Royal Astronomical Society, 475, 81 (2018).",PAVO,False,3.141279111765872,4.711918667648808,9.423837335297616
HD 125162,lam Boo,168708816,"16, 23",,,14 16 23.0187,+46 05 17.900,A0Va_lB,4.179999828338623,4.03000020980835,3.9100000858306885,0.5329999999999999,0.028999999999999998,Ciardi et al. 2007,CLASSIC,False,,,
HD 126660,tet Boo,441709021,"16, 22, 23",1.0,1259.699,14 25 11.7970,+51 51 02.676,F7V,4.050000190734863,2.9800000190734863,2.7799999713897705,1.109,0.006999999999999999,"Boyajian et al. 2012, ApJ, 746, 101",CLASSIC,False,779.2862932710553,1168.929439906583,2337.858879813166
HD 128167,sig Boo,157966796,"23, 24",0.781000018119812,2453.943,14 34 40.8171,+29 44 42.463,F4VkF2mF1,4.46999979019165,3.509999990463257,3.4800000190734863,0.841,0.013000000000000001,"Boyajian et al. 2012, ApJ, 746, 101",CLASSIC,False,1371.2790329007241,2056.918549351086,4113.837098702172
HD 130948,HD 130948,198304072,24,,,14 50 15.8107,+23 54 42.633,F9IV-V,5.867000102996826,4.690000057220459,4.458000183105469,0.569,0.011000000000000001,"Boyajian et al. 2013, ApJ, 771, 40",CLASSIC,False,2324.1701228655406,3486.255184298311,6972.510368596622
HD 136726,11 UMi,230061010,"14, 15, 16, 20, 21, 22, 23, 26",,,15 17 05.8915,+71 49 26.037,K4III,5.014999866485596,2.0910000801086426,1.9390000104904175,2.336,0.02,"E.K. Baines, et al., The Astrophysical Journal, 710, 1365 (2010).",CLASSIC,False,3.3601795872642866,5.04026938089643,10.08053876179286
HD 137443,HD 137443,202505374,"14, 15, 16, 21, 22, 23",,,15 22 38.4088,+63 20 29.273,K4III,5.711999893188477,3.002000093460083,2.7820000648498535,1.69,0.031,"E.K. Baines, et al., The Astrophysical Journal, 710, 1365 (2010).",CLASSIC,False,7.699568039871131,11.549352059806695,23.09870411961339
HD 137759,iot Dra,165722603,"15, 16, 22, 23, 24",,,15 24 55.7746,+58 57 57.834,K2III,3.2899999618530273,0.7239999771118164,0.6800000071525574,3.596,0.015,"E.K. Baines, et al., The Astrophysical Journal, 743, 130 (2011).",CLASSIC,False,,,
HD 138265,HD 138265,202510300,"15, 22, 23, 24",,,15 27 51.4246,+60 40 12.793,K5III,5.900000095367432,1.8550000190734863,1.5870000123977661,2.062,0.038,"E.K. Baines, et al., The Astrophysical Journal, 710, 1365 (2010).",CLASSIC,False,2.342178649704815,3.513267974557222,7.026535949114444
HD 139357,HD 139357,224312054,"16, 22, 23, 24",,,15 35 16.1984,+53 55 19.714,K4III:,5.964000225067139,3.5929999351501465,3.4059998989105225,1.073,0.013000000000000001,"E.K. Baines, et al., The Astrophysical Journal, 710, 1365 (2010).",CLASSIC,False,17.181615254784585,25.77242288217688,51.54484576435376
HD 142091,kap CrB,334753043,24,,,15 51 13.9314,+35 39 26.564,K1IVa,4.820000171661377,2.5799999237060547,2.490000009536743,1.456,0.02,White et al. 2018,PAVO,False,115.41127866742504,173.11691800113758,346.23383600227515
HD 143761,rho CrB,458494003,"24, 25",0.7860000133514404,1976.516,16 01 02.6608,+33 18 12.642,G0+VaFe-1,,3.990000009536743,3.890000104904175,0.6859999999999999,0.044000000000000004,"Baines et al. 2008, ApJ, 680, 728",CLASSIC,False,1420.5187712148604,2130.778156822291,4261.556313644582
HD 143761,rho CrB,458494003,"24, 25",0.7860000133514404,1976.516,16 01 02.6608,+33 18 12.642,G0+VaFe-1,,3.990000009536743,3.890000104904175,0.735,0.013999999999999999,"K. von Braun, et al., Monthly Notices of the Royal Astronomical Society, 438, 2413 (2014).",CLASSIC,False,1420.5187712148604,2130.778156822291,4261.556313644582
HD 145675,14 Her,219483057,"24, 25",,,16 10 24.3152,+43 49 03.498,K0V,,4.802999973297119,4.714000225067139,0.371,0.044000000000000004,"Baines et al. 2008, ApJ, 680, 728",CLASSIC,False,2581.945755735174,3872.9186336027606,7745.837267205521
HD 145675,14 Her,219483057,"24, 25",,,16 10 24.3152,+43 49 03.498,K0V,,4.802999973297119,4.714000225067139,0.45899999999999996,0.017,"K. von Braun, et al., Monthly Notices of the Royal Astronomical Society, 438, 2413 (2014).",CLASSIC,False,2581.945755735174,3872.9186336027606,7745.837267205521
HD 148293,HD 148293,230080609,"14, 16, 17, 18, 19, 20, 21, 22, 23, 24, 25, 26",,,16 21 48.7120,+69 06 33.808,K2III,5.263999938964844,2.9579999446868896,2.7130000591278076,1.48,0.06,"E.K. Baines, et al., The Astrophysical Journal, 731, 132 (2011).",CLASSIC,False,16.924589325334047,25.38688398800107,50.77376797600214
HD 150010,HD 150010,233008631,"14, 15, 16, 17, 18, 19, 20, 21, 22, 23, 24, 25",,,16 31 28.2274,+72 36 44.410,K2III,6.303999900817871,3.4609999656677246,3.177000045776367,1.024,0.028999999999999998,"E.K. Baines, et al., The Astrophysical Journal, 710, 1365 (2010).",CLASSIC,False,8.865219736441599,13.297829604662398,26.595659209324797
HD 152812,HD 152812,115507350,"24, 25, 26",,,16 53 17.5445,+47 25 00.197,K2III,5.986999988555908,2.9709999561309814,2.565000057220459,1.44,0.004,"E.K. Baines, et al., The Astrophysical Journal, 710, 1365 (2010).",CLASSIC,False,2.152796825442268,3.2291952381634017,6.458390476326803
HD 153956,HD 153956,224598071,"15, 16, 17, 19, 20, 22, 23, 24, 25, 26",,,16 59 21.5189,+56 41 19.012,K1III:,6.040999889373779,3.572000026702881,3.2790000438690186,0.983,0.023,"E. Baines et al., Astronomical Journal, 152, 66 (2016).",CLASSIC,False,24.78463898584605,37.17695847876908,74.35391695753816
HD 154345,HD 154345,198562505,"24, 25, 26",,,17 02 36.4039,+47 04 54.762,G9,,5.0980000495910645,5.002999782562256,0.502,0.026000000000000002,"Baines, et al., The Astrophysical Journal, 701, 154 (2009)",CLASSIC,False,3373.8098898253975,5060.714834738096,10121.429669476192
HD 154633,HD 154633,459978312,"14, 15, 16, 17, 18, 19, 20, 21, 22, 24, 25, 26",,,17 02 15.7478,+64 36 02.664,G5V,6.093999862670898,3.8480000495910645,3.8929998874664307,0.804,0.012,"Ligi et al. 2016, A&A, 586, A94",VEGA,False,33.13031376601324,49.695470649019846,99.39094129803969
HD 157214,w Her,9728611,"25, 26",0.3370000123977661,2696.407,17 20 39.5675,+32 28 03.877,G0V,5.389999866485596,3.9000000953674316,3.9100000858306885,0.725,0.012,"Boyajian et al. 2013, ApJ, 771, 40",CLASSIC,False,1976.2263374462548,2964.3395061693827,5928.6790123387655
HD 157681,HD 157681,188694034,"17, 20, 23, 24, 26",,,17 21 45.3682,+53 25 13.546,K4III,5.677000045776367,2.3399999141693115,2.0409998893737793,1.9080000000000001,0.013000000000000001,"E. Baines et al., Astronomical Journal, 152, 66 (2016).",CLASSIC,False,1.3424652716807304,2.0136979075210957,4.027395815042191
HD 158633,HD 158633,219880402,"14, 15, 16, 17, 18, 20, 21, 23, 24, 25, 26",,,17 25 00.0982,+67 18 24.150,K0,,4.63700008392334,4.514999866485596,0.573,0.01,"Boyajian et al. 2013, ApJ, 771, 40",CLASSIC,False,4439.91018646629,6659.865279699435,13319.73055939887
HD 160290,y Her,321601892,"24, 25, 26",,,17 36 37.6544,+48 35 08.266,K1III,5.353000164031982,3.1600000858306885,2.875999927520752,1.515,0.01,"E.K. Baines, et al., The Astrophysical Journal, 710, 1365 (2010).",CLASSIC,False,10.483567221252684,15.725350831879028,31.450701663758057
HD 160762,iot Her,164319891,"25, 26",,,17 39 27.8860,+46 00 22.800,B3IV,3.799999952316284,4.348999977111816,4.228000164031982,0.31,0.01,"Challouf et al. 2014, A&A, 570, A104",VEGA,False,,,
HD 161178,HD 161178,441797545,"14, 15, 16, 17, 18, 19, 21, 22, 23, 24, 25, 26",,,17 37 08.8839,+72 27 20.858,G9III,5.86899995803833,3.7660000324249268,3.6570000648498535,0.9440000000000001,0.043,"Ligi et al. 2016, A&A, 586, A94",VEGA,False,22.298624962325828,33.44793744348874,66.89587488697748
HD 162003,psi01 Dra A,441804568,"14, 15, 16, 17, 18, 19, 21, 22, 24, 25, 26",1.0,1067.908,17 41 56.0946,+72 08 55.903,F5IV-V,4.550000190734863,3.6480000019073486,3.502000093460083,0.9490000000000001,0.026000000000000002,"Boyajian et al. 2012, ApJ, 746, 101",CLASSIC,False,525.626562021907,788.4398430328606,1576.8796860657212
HD 167042,HD 167042,353988778,"14, 15, 17, 18, 19, 21, 22, 24, 25, 26",,,18 10 31.6406,+54 17 11.593,K1III,,3.556999921798706,3.549999952316284,1.056,0.013999999999999999,"Ligi et al. 2016, A&A, 586, A94",VEGA,False,141.71057439651148,212.56586159476726,425.1317231895345
HD 167042,HD 167042,353988778,"14, 15, 17, 18, 19, 21, 22, 24, 25, 26",,,18 10 31.6406,+54 17 11.593,K1III,,3.556999921798706,3.549999952316284,0.823,0.011000000000000001,White et al. 2018,PAVO,False,141.71057439651148,212.56586159476726,425.1317231895345
HD 168151,36 Dra,233121747,"15, 16, 17, 18, 19, 20, 21, 22, 23, 24, 25, 26",1.0,1486.385,18 13 53.8327,+64 23 50.225,F5V,4.986999988555908,4.059000015258789,3.944000005722046,0.713,0.009000000000000001,"Boyajian et al. 2013, ApJ, 771, 40",CLASSIC,False,874.7938646102735,1312.1907969154104,2624.3815938308207
HD 168151,36 Dra,233121747,"15, 16, 17, 18, 19, 20, 21, 22, 23, 24, 25, 26",1.0,1486.385,18 13 53.8327,+64 23 50.225,F5V,4.986999988555908,4.059000015258789,3.944000005722046,0.664,0.015,"Ligi et al. 2016, A&A, 586, A94",VEGA,False,874.7938646102735,1312.1907969154104,2624.3815938308207
HD 170693,42 Dra,233721425,"14, 15, 16, 17, 18, 20, 21, 23, 24, 25, 26",,,18 25 59.1383,+65 33 48.503,K1.5IIIFe-1,4.822999954223633,2.197000026702881,2.0850000381469727,2.097,0.009000000000000001,"Ligi et al. 2016, A&A, 586, A94",VEGA,False,6.920145700667596,10.380218551001395,20.76043710200279
HD 170693,42 Dra,233721425,"14, 15, 16, 17, 18, 20, 21, 23, 24, 25, 26",,,18 25 59.1383,+65 33 48.503,K1.5IIIFe-1,4.822999954223633,2.197000026702881,2.0850000381469727,2.041,0.043,"E.K. Baines, et al., The Astrophysical Journal, 710, 1365 (2010).",CLASSIC,False,6.920145700667596,10.380218551001395,20.76043710200279
HD 170693,42 Dra,233721425,"14, 15, 16, 17, 18, 20, 21, 23, 24, 25, 26",,,18 25 59.1383,+65 33 48.503,K1.5IIIFe-1,4.822999954223633,2.197000026702881,2.0850000381469727,2.12,0.02,"R. Ligi, et al., Astronomy and Astrophysics, 545, 5 (2012).",VEGA,False,6.920145700667596,10.380218551001395,20.76043710200279
HD 173416,HD 173416,157951225,26,,,18 43 36.1094,+36 33 23.781,G8,6.0370001792907715,3.928999900817871,3.813999891281128,0.995,0.034,"Ligi et al. 2016, A&A, 586, A94",VEGA,False,16.468300665532244,24.702450998298367,49.404901996596735
HD 173667,110 Her,282038438,26,1.0,895.678,18 45 39.7257,+20 32 46.717,F5.5IV-V,4.190000057220459,3.2860000133514404,3.059999942779541,1.0,0.006,"Boyajian et al. 2012, ApJ, 746, 101",CLASSIC,False,542.0591170603365,813.0886755905046,1626.1773511810093
HD 173701,HD 173701,123234496,"14, 26",,,18 44 35.1192,+43 49 59.789,G8V,7.519999980926514,5.750999927520752,5.670000076293945,0.332,0.006,"Huber et al. 2012, ApJ, 760, 32",PAVO,False,2803.3976946553644,4205.096541983047,8410.193083966094
HD 173739,HD 173739,359676790,"15, 16, 17, 18, 19, 20, 21, 22, 23, 24, 25, 26",,,18 42 46.7048,+59 37 49.411,M3V,,4.741000175476074,4.432000160217285,0.937,0.008,"Boyajian et al. 2012, ApJ, 757, 112",CLASSIC,False,,,
HD 173740,HD 173740,392572237,"15, 16, 17, 18, 19, 20, 21, 22, 23, 24, 25, 26",,,18 42 46.8942,+59 37 36.723,M3.5V,,5.197000026702881,5.0,0.851,0.015,"Boyajian et al. 2012, ApJ, 757, 112",CLASSIC,False,,,
HD 175823,HD 175823,236813492,"14, 15, 16, 17, 18, 19, 20, 21, 22, 23, 24, 25, 26",,,18 53 46.3093,+57 29 11.602,K5III:,6.23199987411499,3.7039999961853027,3.5739998817443848,0.988,0.023,"E.K. Baines, et al., The Astrophysical Journal, 710, 1365 (2010).",CLASSIC,False,6.997998159143336,10.496997238715002,20.993994477430004
HD 176408,48 Dra,376975340,"14, 15, 16, 17, 18, 19, 20, 22, 23, 24, 25, 26",,,18 56 45.0374,+57 48 53.352,K1III,5.663000106811523,3.1710000038146973,2.996999979019165,1.125,0.023,"E.K. Baines, et al., The Astrophysical Journal, 710, 1365 (2010).",CLASSIC,False,21.325513002930133,31.9882695043952,63.9765390087904
HD 176437,gam Lyr,20780347,14,,,18 58 56.6224,+32 41 22.400,B9III,3.25,3.190000057220459,3.200000047683716,0.753,0.009000000000000001,"Maestro et al. 2013, MNRAS, 434, 1321",PAVO,False,,,
HD 176437,gam Lyr,20780347,14,,,18 58 56.6224,+32 41 22.400,B9III,3.25,3.190000057220459,3.200000047683716,0.7659999999999999,0.01,"Challouf et al. 2014, A&A, 570, A104",VEGA,False,,,
HD 177153,HD 177153,120495825,"14, 26",,,19 01 39.6781,+41 29 24.325,G0,7.210000038146973,5.922999858856201,5.828999996185303,0.289,0.006,"Huber et al. 2012, ApJ, 760, 32",PAVO,False,1506.5541419595204,2259.8312129392802,4519.6624258785605
HD 181068,HD 181068,121945407,14,,,19 17 08.9783,+41 15 53.303,G8III+G8V+K1V,7.090000152587891,5.053999900817871,4.940999984741211,0.461,0.011000000000000001,"A. Derekas, et al., Science, 332, 316 (2011).",PAVO,False,17.85070022458685,26.77605033688027,53.55210067376054
HD 182736,HD 182736,159580128,15,1.0,459.514,19 24 03.3794,+44 56 00.735,G8IV,7.010000228881836,5.135000228881836,5.0279998779296875,0.436,0.005,"Huber et al. 2012, ApJ, 760, 32",PAVO,False,342.9075215571627,514.361282335744,1028.722564671488
HD 184171,8 Cyg,22463866,14,,,19 31 46.3218,+34 27 10.687,B3IV,4.71999979019165,5.0929999351501465,5.113999843597412,0.23399999999999999,0.011000000000000001,"Challouf et al. 2014, A&A, 570, A104",VEGA,False,,,
HD 184293,HD 184293,26665833,"14, 15",,,19 31 19.3312,+50 18 24.139,K1III,5.539999961853027,2.8949999809265137,2.5209999084472656,1.548,0.022000000000000002,"E. Baines et al., Astronomical Journal, 152, 66 (2016).",CLASSIC,False,6.112430333555298,9.168645500332946,18.337291000665893
HD 185351,HD 185351,270858200,"14, 15",,,19 36 37.9763,+44 41 41.760,G8.5IIIbFe-0.5,5.169000148773193,3.1549999713897705,2.999000072479248,1.12,0.016,"J. Johnson, et al., The Astrophysical Journal, 794, 15 (2014).",CLASSIC,False,100.90151245397023,151.35226868095535,302.7045373619107
HD 185351,HD 185351,270858200,"14, 15",,,19 36 37.9763,+44 41 41.760,G8.5IIIbFe-0.5,5.169000148773193,3.1549999713897705,2.999000072479248,1.133,0.009000000000000001,"J. Johnson, et al., The Astrophysical Journal, 794, 15 (2014).",PAVO,False,100.90151245397023,151.35226868095535,302.7045373619107
HD 185395,tet Cyg,27014182,"14, 15",1.0,1713.701,19 36 26.5343,+50 13 15.964,F3+V,4.480000019073486,3.7200000286102295,3.5199999809265137,0.861,0.015,"Boyajian et al. 2012, ApJ, 746, 101",CLASSIC,False,968.9805500377743,1453.4708250566616,2906.9416501133232
HD 185395,tet Cyg,27014182,"14, 15",1.0,1713.701,19 36 26.5343,+50 13 15.964,F3+V,4.480000019073486,3.7200000286102295,3.5199999809265137,0.7490000000000001,0.008,"Ligi et al. 2016, A&A, 586, A94",VEGA,False,968.9805500377743,1453.4708250566616,2906.9416501133232
HD 185395,tet Cyg,27014182,"14, 15",1.0,1713.701,19 36 26.5343,+50 13 15.964,F3+V,4.480000019073486,3.7200000286102295,3.5199999809265137,0.753,0.009000000000000001,White et al. 2013,PAVO,False,968.9805500377743,1453.4708250566616,2906.9416501133232
HD 185395,tet Cyg,27014182,"14, 15",1.0,1713.701,19 36 26.5343,+50 13 15.964,F3+V,4.480000019073486,3.7200000286102295,3.5199999809265137,0.76,0.003,"R. Ligi, et al., Astronomy and Astrophysics, 545, 5 (2012).",VEGA,False,968.9805500377743,1453.4708250566616,2906.9416501133232
HD 186408,16 Cyg A,27533341,"14, 15",0.6940000057220459,2053.002,19 41 48.9539,+50 31 30.218,G1.5Vb,5.949999809265137,4.723999977111816,4.426000118255615,0.5539999999999999,0.011000000000000001,"Boyajian et al. 2013, ApJ, 771, 40",CLASSIC,False,1586.7579733387884,2380.1369600081825,4760.273920016365
HD 186408,16 Cyg A,27533341,"14, 15",0.6940000057220459,2053.002,19 41 48.9539,+50 31 30.218,G1.5Vb,5.949999809265137,4.723999977111816,4.426000118255615,0.539,0.006999999999999999,White et al. 2013,PAVO,False,1586.7579733387884,2380.1369600081825,4760.273920016365
HD 186427,16 Cyg B,27533327,"14, 15",0.6940000057220459,2053.002,19 41 51.9731,+50 31 03.086,G3V,6.199999809265137,4.699999809265137,4.651000022888184,0.513,0.012,"Boyajian et al. 2013, ApJ, 771, 40",CLASSIC,False,1953.2425867424415,2929.8638801136617,5859.727760227323
HD 186427,16 Cyg B,27533327,"14, 15",0.6940000057220459,2053.002,19 41 51.9731,+50 31 03.086,G3V,6.199999809265137,4.699999809265137,4.651000022888184,0.49,0.006,White et al. 2013,PAVO,False,1953.2425867424415,2929.8638801136617,5859.727760227323
HD 186427,16 Cyg B,27533327,"14, 15",0.6940000057220459,2053.002,19 41 51.9731,+50 31 03.086,G3V,6.199999809265137,4.699999809265137,4.651000022888184,0.426,0.055999999999999994,"Baines et al. 2008, ApJ, 680, 728",CLASSIC,False,1953.2425867424415,2929.8638801136617,5859.727760227323
HD 186815,HD 186815,293806873,"14, 16, 20",,,19 43 39.4965,+57 02 33.771,K2III,6.2820000648498535,4.322000026702881,4.316999912261963,0.731,0.02,"E.K. Baines, et al., The Astrophysical Journal, 710, 1365 (2010).",CLASSIC,False,75.37730806256668,113.06596209385002,226.13192418770004
HD 190228,HD 190228,117905020,14,1.0,545.1,20 03 00.7728,+28 18 24.684,G5IV,7.296000003814697,5.440999984741211,5.3520002365112305,0.45299999999999996,0.046,"Baines et al. 2008, ApJ, 680, 728",CLASSIC,False,389.28555345300254,583.9283301795039,1167.8566603590077
HD 192781,HD 192781,236882599,"14, 15, 16, 17, 24",,,20 13 27.6168,+60 38 26.046,K5III,5.78000020980835,2.3610000610351562,2.128000020980835,1.859,0.003,"E.K. Baines, et al., The Astrophysical Journal, 710, 1365 (2010).",CLASSIC,False,2.046158737385316,3.0692381060779743,6.138476212155949
HD 199305,HD 199305,365670764,"15, 16, 17, 24",,,20 53 19.7890,+62 09 15.813,M1.0Ve,,4.919000148773193,4.618000030517578,0.722,0.008,"Boyajian et al. 2012, ApJ, 757, 112",CLASSIC,False,,,
HD 200205,HD 200205,421448572,"15, 16, 17",,,20 59 25.3838,+59 26 18.957,K4III,5.526000022888184,2.453000068664551,2.1470000743865967,2.032,0.045,"E.K. Baines, et al., The Astrophysical Journal, 710, 1365 (2010).",CLASSIC,False,1.5621817004889214,2.343272550733382,4.686545101466764
HD 201091,61 Cyg A,165602000,15,,,21 06 53.9396,+38 44 57.897,K5V,5.210000038146973,2.5,2.680000066757202,1.775,0.013000000000000001,"Kervella et al. 2008, A&A, 488, 667",FLUOR,False,5632.456821197747,8448.68523179662,16897.37046359324
HD 202850,sig Cyg,167407697,15,,,21 17 24.9524,+39 23 40.852,A0Ia,4.239999771118164,3.819999933242798,3.683000087738037,0.527,0.016,"Maestro et al. 2013, MNRAS, 434, 1321",PAVO,False,,,
HD 209369,16 Cep,366412503,"17, 18, 19, 24, 25",1.0,659.772,21 59 14.9658,+73 10 47.614,F5V,,4.0269999504089355,3.9600000381469727,0.621,0.018000000000000002,"Ligi et al. 2016, A&A, 586, A94",VEGA,False,347.45604522783526,521.184067841753,1042.368135683506
HD 213558,alf Lac,468816607,"16, 17",,,22 31 17.5013,+50 16 56.968,A1V,3.7699999809265137,3.867000102996826,3.75,0.634,0.022000000000000002,"Boyajian et al. 2012, ApJ, 746, 101",CLASSIC,False,,,
HD 214868,11 Lac,299208777,16,,,22 40 30.8588,+44 16 34.704,K2.5III,4.460000038146973,1.8170000314712524,1.4600000381469727,2.7310000000000003,0.024,"E.K. Baines, et al., The Astrophysical Journal, 710, 1365 (2010).",CLASSIC,False,3.5685529850815274,5.352829477622291,10.705658955244582
HD 216174,HD 216174,444179899,"16, 17, 24",,,22 49 46.3147,+55 54 09.990,K1III,5.439000129699707,2.921999931335449,2.625,1.598,0.012,"E. Baines et al., Astronomical Journal, 152, 66 (2016).",CLASSIC,False,6.510843851671665,9.766265777507497,19.532531555014994
HD 217675,omi And,155030422,16,,,23 01 55.2645,+42 19 33.533,B6IV/V_sh,3.619999885559082,3.809999942779541,3.8499999046325684,0.508,0.015,"Maestro et al. 2013, MNRAS, 434, 1321",PAVO,False,,,
HD 218029,HD 218029,427550855,"17, 18, 24",,,23 03 32.8827,+67 12 33.153,K3III,5.230000019073486,2.499000072479248,2.325000047683716,1.8619999999999999,0.044000000000000004,"E. Baines et al., Astronomical Journal, 152, 66 (2016).",CLASSIC,False,6.8301716398851555,10.245257459827734,20.490514919655467
HD 218560,HD 218560,435446525,"17, 18, 24",,,23 07 57.2046,+64 13 21.082,K0,6.211999893188477,3.822000026702881,3.6659998893737793,0.927,0.022000000000000002,"Ligi et al. 2016, A&A, 586, A94",VEGA,False,2.8716754744753317,4.3075132117129975,8.615026423425995
HD 219080,7 And,252756054,"16, 17",0.5260000228881836,1432.665,23 12 33.0037,+49 24 22.345,F1V,4.519999980926514,3.759999990463257,3.7699999809265137,0.648,0.008,"Maestro et al. 2013, MNRAS, 434, 1321",PAVO,False,746.3811884263122,1119.5717826394682,2239.1435652789364
HD 219134,HD 219134,283722336,"17, 24",,,23 13 16.9747,+57 10 06.076,K3V,5.570000171661377,3.4000000953674316,3.25,1.1059999999999999,0.006999999999999999,"Boyajian et al. 2012, ApJ, 757, 112",CLASSIC,False,4787.263559289171,7180.895338933757,14361.790677867513
HD 219623,HD 219623,24467943,"16, 17",0.6980000138282776,2050.547,23 16 42.3028,+53 12 48.514,F8V,,4.598999977111816,4.306000232696533,0.542,0.016,"Boyajian et al. 2013, ApJ, 771, 40",CLASSIC,False,1439.8465096488112,2159.7697644732166,4319.539528946433
HD 221345,14 And,333225860,"16, 17",,,23 31 17.4127,+39 14 10.310,G8III,,2.6080000400543213,2.3310000896453857,1.489,0.032,"Ligi et al. 2016, A&A, 586, A94",VEGA,False,21.880523139824493,32.82078470973674,65.64156941947348
HD 221345,14 And,333225860,"16, 17",,,23 31 17.4127,+39 14 10.310,G8III,,2.6080000400543213,2.3310000896453857,1.3359999999999999,0.009000000000000001,"Baines, et al., The Astrophysical Journal, 701, 154 (2009)",CLASSIC,False,21.880523139824493,32.82078470973674,65.64156941947348
HD 221345,14 And,333225860,"16, 17",,,23 31 17.4127,+39 14 10.310,G8III,,2.6080000400543213,2.3310000896453857,1.51,0.02,"R. Ligi, et al., Astronomy and Astrophysics, 545, 5 (2012).",VEGA,False,21.880523139824493,32.82078470973674,65.64156941947348
HD 222404,gam Cep,367912480,"18, 24, 25",,,23 39 20.9015,+77 37 56.505,K1III-IVCN1,,1.190000057220459,1.0379999876022339,3.302,0.028999999999999998,"Baines, et al., The Astrophysical Journal, 701, 154 (2009)",CLASSIC,False,,,
