Star,Main ID,TIC,Sectors,Pmix,ATL numax (muHz),TIC numax (muHz),RA,DEC,SpT,V,H,K,Diam,Err,Reference,Instrument,Fast,Comments
GJ 412A,BD+44 2051,252803603,21,,,,11 05 28.578, +43 31 36.39,M1.0V,8.78,5.002,4.769,0.764,0.017,"Boyajian et al. 2012, ApJ, 757, 112",CLASSIC,False,Nothing of note.
GJ 436,Ross 905,138819293,22,,,,11 42 11.0933,+26 42 23.658,M3V,10.61299991607666,6.318999767303468,6.072999954223633,0.417,0.013,"K. von Braun, et al., The Astrophysical Journal, 753, 171 (2012).",CLASSIC,False,Nothing of note.
GJ 514,BD+11 2576,404519959,23,,,,13 29 59.7856,+10 22 37.784,M1.0Ve,9.029000282287598,5.300000190734863,5.035999774932861,0.753,0.052000000000000005,Berger et al. 2006,CLASSIC,False,Nothing of note.
GJ 649,BD+25 3173,236743275,25,,,,16 58 08.8497,+25 44 38.971,M2V,9.654999732971193,5.864999771118164,5.624000072479248,0.484,0.012,"K. von Braun, et al., Monthly Notices of the Royal Astronomical Society, 438, 2413 (2014).",CLASSIC,False,Nothing of note.
GJ 687,BD+68 946,233193964,"14, 15, 16, 17, 19, 20, 22, 23, 24, 25, 26",,,,17 36 25.945, +68 20 22.01,M3.5Vvar,9.151,4.769999980926514,4.547999858856201,1.009,0.077,Berger et al. 2006,CLASSIC,False,Very large and inconsistent spread across sectors.
GJ 687,BD+68 946,233193964,"14, 15, 16, 17, 19, 20, 22, 23, 24, 25, 26",,,,17 36 25.945, +68 20 22.01,M3.5Vvar,9.151,4.766,4.548,0.8590000000000001,0.014,"Boyajian et al. 2012, ApJ, 757, 112",CLASSIC,False,Very large and inconsistent spread across sectors.
GJ 876,BD-15 6290,188580272,"2, 29",,,,22 53 16.7323,-14 15 49.303,M3.5V,10.19200038909912,5.348999977111816,5.010000228881836,0.746,0.009000000000000001,"K. von Braun, et al., Monthly Notices of the Royal Astronomical Society, 438, 2413 (2014).",CLASSIC,False,Doubling of sector 29.
GJ 876,BD-15 6290,188580272,29,,,,22 53 16.7323,-14 15 49.303,M3.5V,10.19200038909912,5.348999977111816,5.010000228881836,0.746,0.009000000000000001,"K. von Braun, et al., Monthly Notices of the Royal Astronomical Society, 438, 2413 (2014).",CLASSIC,True,Doubling of sector 29.
HD 166,HD 166,238432056,17,,,4822.048763183031,00 06 36.743, +29 01 17.56,K0V,6.065,4.629,4.314,0.624,0.009000000000000001,"Boyajian et al. 2013, ApJ, 771, 40",CLASSIC,False,Was in SSP project survey.Nothing of note.
HD 203,HD 203,229012143,"2, 29",0.5830000042915344,1783.689,1516.4876631764953,00 06 50.0865,-23 06 27.147,F3V,6.172999858856201,5.330999851226807,5.239999771118164,0.4920000000000001,0.032,"M. Simon and G.H. Schaefer, The Astrophysical Journal, 743, 158 (2011).",CLASSIC,False,ATL estimate seems off.
HD 1326,V* GX And,440109725,17,,,,00 18 22.887, +44 01 22.65,M1.0V,8.125,4.475,4.018,1.005,0.005,"Boyajian et al. 2012, ApJ, 757, 112",CLASSIC,False,Nothing of note.
HD 1326,V* GX And,440109725,17,,,,00 18 22.887, +44 01 22.65,M1.0V,8.125,4.47599983215332,4.019999980926514,0.988,0.016,Berger et al. 2006,CLASSIC,False,Nothing of note.
HD 1326,V* GX And,440109725,17,,,,00 18 22.8849,+44 01 22.637,M1.0V,8.125,4.47599983215332,4.019999980926514,1.005,0.005,"A.W. Howard, et al., The Astrophysical Journal, 794, 51 (2014).",CLASSIC,False,Nothing of note.
HD 1461,HD 1461,37748347,3,,,2928.322481647624,00 18 41.8673,-08 03 10.805,G3VFe0.5,6.460000038146973,5.040999889373778,4.8969998359680185,0.498,0.011,"K. von Braun, et al., Monthly Notices of the Royal Astronomical Society, 438, 2413 (2014).",CLASSIC,False,Nothing of note.
HD 1671,rho And,288294358,17,0.962000012397766,426.098,344.87519464269195,00 21 07.262, +37 58 07.01,F5III,5.153,4.218,4.069,0.6,0.006,"Ligi et al. 2016, A&A, 586, A94",VEGA,False,Nothing of note.
HD 2774,HD 2774,202715253,17,,,21.761386898133082,00 31 41.1569,+52 50 22.297,K2III,5.5960001945495605,3.1800000667572017,2.996999979019165,1.3030000000000002,0.023,"E. Baines et al., Astronomical Journal, 152, 66 (2016).",CLASSIC,False,Nothing of note.
HD 3360,zet Cas,240669906,17,,,,00 36 58.273, +53 53 48.69,B2IV,3.671,4.248,4.247,0.311,0.01,"Maestro et al. 2013, MNRAS, 434, 1321",PAVO,False,Strange light curve and a large signal at the low end.
HD 3651,54 Psc,434210589,17,,,5104.96867883265,00 39 21.872, +21 15 02.41,K0V,5.880000114440918,4.0300002098083505,3.999000072479248,0.79,0.027000000000000003,"Baines et al. 2008, ApJ, 680, 728",CLASSIC,False,Noisy light curve otherwise nothing of note.
HD 3651,54 Psc,434210589,17,,,5104.96867883265,00 39 21.872, +21 15 02.41,K0V,5.875,4.064,3.999,0.722,0.006999999999999999,"Ligi et al. 2016, A&A, 586, A94",VEGA,False,Noisy light curve otherwise nothing of note.
HD 4614,eta Cas,445258206,"17, 18, 24",1.0,2953.201,2994.2795837596286,00 49 06.223, +57 48 54.57,F9V+M0V,3.44,2.086,1.988,1.6230000000000002,0.004,"Boyajian et al. 2012, ApJ, 746, 101",CLASSIC,False,Was in SSP project survey. Large spread and inconsistent sectors. Needs cleaning.
HD 4747,HD 4747,369395755,"3, 30",,,6021.950318923197,00 49 26.7612,-23 12 44.865,G8/K0V,7.15500020980835,5.433000087738037,5.304999828338623,0.39,0.006,"C. Wood, et al., The Astrophysical Journal, 873, 83 (2019)\",PAVO,False,Very large spread in sector 30 with doubling. Nothing of note.
HD 4747,HD 4747,369395755,30,,,6021.950318923197,00 49 26.7612,-23 12 44.865,G8/K0V,7.15500020980835,5.433000087738037,5.304999828338623,0.39,0.006,"C. Wood, et al., The Astrophysical Journal, 873, 83 (2019)\",PAVO,True,Very large spread in sector 30 with doubling. Nothing of note.
HD 5015,HD 5015,285544488,"17, 18, 24",1.0,1294.598,1272.681411071795,00 53 04.193, +61 07 26.28,F8V,4.789,3.681,3.638,0.865,0.01,"Boyajian et al. 2012, ApJ, 746, 101",CLASSIC,False,ATL estimate seems off.
HD 5448,mu. And,432698066,17,,,,00 56 45.220, +38 29 57.81,A5V,3.857,3.652,3.636,0.708,0.013,"Maestro et al. 2013, MNRAS, 434, 1321",PAVO,False,Definitely has oscillations of some kind.
HD 6210,HD 6210,52264484,"18, 24",,,183.91050657466195,01 04 19.452, +61 34 48.76,F6V,5.835,4.794,4.445,0.52,0.006,"Boyajian et al. 2013, ApJ, 771, 40",CLASSIC,False,Nothing of note.
HD 6497,HD 6497,252183048,"17, 18",,,35.62371324051056,01 07 00.1744,+56 56 05.895,K2III-IV,6.401000022888184,3.992000102996826,3.88100004196167,0.731,0.044,"E. Baines et al., Astronomical Journal, 152, 66 (2016).",CLASSIC,False,Potential oscillations at 40 uHz.
HD 6582,mu. Cas,252191219,"17, 18",,,8362.143526503563,01 08 16.395, +54 55 13.23,G5V,5.157,3.597,3.505,0.972,0.009000000000000001,"Boyajian et al. 2012, ApJ, 746, 101",CLASSIC,False,Very messy light curve. Nothing of note.
HD 6582,mu. Cas,252191219,"17, 18",,,8362.143526503563,01 08 16.395, +54 55 13.23,G5V,5.170000076293945,3.5999999046325684,3.5,0.973,0.009000000000000001,"Boyajian et al. 2008, ApJ, 683, 424",CLASSIC,False,Very messy light curve. Nothing of note.
HD 7924,HD 7924,468723402,"18, 19",,,6304.357119055483,01 21 59.1132,+76 42 37.037,K0.5V,7.166999816894531,5.230999946594238,5.1589999198913565,0.433,0.014,"K. von Braun, et al., Monthly Notices of the Royal Astronomical Society, 438, 2413 (2014).",CLASSIC,False,Irregular light curve otherwise nothing of note.
HD 9826,ups And,189576919,17,1.0,1336.345,1351.1589382201228,01 36 47.846, +41 24 20.10,F8V,4.099999904632568,2.9570000171661377,2.859999895095825,1.114,0.009000000000000001,"Baines et al. 2008, ApJ, 680, 728",CLASSIC,False,ATL estimate seems off.
HD 9826,ups And,189576919,17,1.0,1336.345,1351.1589382201228,01 36 47.846, +41 24 20.10,F8V,4.093,2.957,2.859,1.161,0.027000000000000003,"Ligi et al. 2016, A&A, 586, A94",VEGA,False,ATL estimate seems off.
HD 9826,ups And,189576919,17,1.0,1336.345,1351.1589382201228,01 36 47.846, +41 24 20.10,F8V,4.099999904632568,2.9570000171661377,2.859999895095825,1.18,0.01,"R. Ligi, et al., Astronomy and Astrophysics, 545, 5 (2012).",VEGA,False,ATL estimate seems off.
HD 10476,107 Psc,113710966,17,,,5657.026609908622,01 42 29.778, +20 16 07.36,K1V,5.235,3.391,3.285,1.0,0.004,"Boyajian et al. 2013, ApJ, 771, 40",CLASSIC,False,Nothing of note.
HD 10697,109 Psc,456905162,17,0.9990000128746032,915.421,1117.1175308559746,01 44 55.827, +20 04 59.28,G5IV,6.27899980545044,4.677999973297119,4.60099983215332,0.485,0.046,"Baines et al. 2008, ApJ, 680, 728",CLASSIC,False,ATL estimate seems off.
HD 10697,109 Psc,456905162,17,0.9990000128746032,915.421,1117.1175308559746,01 44 55.827, +20 04 59.28,G5IV,6.277,4.678,4.601,0.547,0.013,"Boyajian et al. 2013, ApJ, 771, 40",CLASSIC,False,ATL estimate seems off.
HD 10700,tau Cet,419015728,"3, 30",,,5579.139711311863,01 44 04.0834,-15 56 14.926,G8V,3.5,1.7200000286102295,1.6799999475479126,2.015,0.011,Di Folco et al. 2007,FLUOR,False,Very large spread in sector 30 with doubling.
HD 10700,tau Cet,419015728,30,,,5579.139711311863,01 44 04.0834,-15 56 14.926,G8V,3.5,1.7200000286102295,1.6799999475479126,2.015,0.011,Di Folco et al. 2007,FLUOR,True,Very large spread in sector 30 with doubling.
HD 10780,HD 10780,373694425,"18, 24, 25",,,5301.511732194063,01 47 44.883, +63 51 09.07,K0V,5.630000114440918,3.880000114440918,3.839999914169312,0.763,0.021,"Boyajian et al. 2008, ApJ, 683, 424",CLASSIC,False,Nothing of note.
HD 10780,HD 10780,373694425,"18, 24, 25",,,5301.511732194063,01 47 44.883, +63 51 09.07,K0V,5.6160000000000005,4.133,4.0139999999999985,0.763,0.019,"Boyajian et al. 2012, ApJ, 746, 101",CLASSIC,False,Nothing of note.
HD 11964,HD 11964,24978373,"3, 30",1.0,766.2460000000003,961.3167800299399,01 57 09.650,-10 14 32.38,G8IV,6.414,4.637,4.4910000000000005,0.607,0.015,"Boyajian et al. 2013, ApJ, 771, 40",CLASSIC,False,Potential oscillations at 900 uHz. Large spread in both sectors 3 and 30. Potential doubling in sector 30.
HD 11964,HD 11964,24978373,"3, 30",1.0,766.2460000000003,961.3167800299399,01 57 09.650,-10 14 32.38,G8IV,6.420000076293945,4.63700008392334,4.489999771118164,0.611,0.081,"Baines et al. 2008, ApJ, 680, 728",CLASSIC,False,Potential oscillations at 900 uHz. Large spread in both sectors 3 and 30. Potential doubling in sector 30.
HD 11964,HD 11964,24978373,30,1.0,766.2460000000003,961.3167800299399,01 57 09.650,-10 14 32.38,G8IV,6.414,4.637,4.4910000000000005,0.607,0.015,"Boyajian et al. 2013, ApJ, 771, 40",CLASSIC,True,Potential oscillations at 900 uHz. Large spread in both sectors 3 and 30. Potential doubling in sector 30.
HD 11964,HD 11964,24978373,30,1.0,766.2460000000003,961.3167800299399,01 57 09.650,-10 14 32.38,G8IV,6.420000076293945,4.63700008392334,4.489999771118164,0.611,0.081,"Baines et al. 2008, ApJ, 680, 728",CLASSIC,True,Potential oscillations at 900 uHz. Large spread in both sectors 3 and 30. Potential doubling in sector 30.
HD 13982,8 Per,264552400,18,,,15.665475743213692,02 17 59.8874,+57 53 59.352,K3III,5.748000144958496,3.2030000686645512,2.884000062942505,1.169,0.032,"E. Baines et al., Astronomical Journal, 152, 66 (2016).",CLASSIC,False,Nothing of note.
HD 16160,GJ 105 A,278962915,"4, 31",,,7047.478957762221,02 36 04.982, +06 53 14.00,K0V,5.815,3.657,3.4810000000000003,1.03,0.006999999999999999,"Boyajian et al. 2012, ApJ, 757, 112",CLASSIC,False,Large spread in sector 4. Nothing of note.
HD 16765,84 Cet,35761475,"4, 31",0.4810000061988831,2231.0170000000007,,02 41 13.981,-00 41 44.29,F7IV,5.751,4.642,4.506,0.4970000000000001,0.006999999999999999,"Boyajian et al. 2013, ApJ, 771, 40",CLASSIC,False,Potential doubling of sector 31 causing the high frequency peaks.
HD 16765,84 Cet,35761475,31,0.4810000061988831,2231.0170000000007,,02 41 13.981,-00 41 44.29,F7IV,5.751,4.642,4.506,0.4970000000000001,0.006999999999999999,"Boyajian et al. 2013, ApJ, 771, 40",CLASSIC,True,Potential doubling of sector 31 causing the high frequency peaks.
HD 16895,tet Per,302158903,18,1.0,2057.354,2051.3271204118546,02 44 11.973, +49 13 42.37,F7V,4.099,2.863,2.697,1.103,0.009000000000000001,"Boyajian et al. 2012, ApJ, 746, 101",CLASSIC,False,Very bad light curve.
HD 19373,iot Per,116988032,18,1.0,1658.789,1842.45500834229,03 09 03.870, +49 36 47.94,G0V,4.045,2.875,2.7230000000000003,1.246,0.008,"Boyajian et al. 2012, ApJ, 746, 101",CLASSIC,False,ATL estimate seems off.
HD 19467,HD 19467,441501782,"4, 31",,,2514.7811049786146,03 07 18.5750,-13 45 42.419,G3V,7.0,5.447000026702881,5.401000022888184,0.376,0.014,"C. Wood, et al., The Astrophysical Journal, 873, 83 (2019)",PAVO,False,Very large spread in sector 31. Potential double of sector 31. Nothing of note.
HD 19467,HD 19467,441501782,31,,,2514.7811049786146,03 07 18.5750,-13 45 42.419,G3V,7.0,5.447000026702881,5.401000022888184,0.376,0.014,"C. Wood, et al., The Astrophysical Journal, 873, 83 (2019)",PAVO,True,Very large spread in sector 31. Potential double of sector 31. Nothing of note.
HD 19994,94 Cet,49845357,"4, 31",1.0,1033.992,1123.575849441647,03 12 46.442,-01 11 45.84,F8V,5.065,3.768,3.748,0.7609999999999999,0.011,"Ligi et al. 2016, A&A, 586, A94",VEGA,False,ATL estimate seems off.
HD 19994,94 Cet,49845357,"4, 31",1.0,1033.992,1123.575849441647,03 12 46.442,-01 11 45.84,F8V,5.070000171661377,3.7699999809265137,3.75,0.7879999999999999,0.026,"Baines et al. 2008, ApJ, 680, 728",CLASSIC,False,ATL estimate seems off.
HD 20367,HD 20367,101349357,18,,,2870.848103263865,03 17 40.0466,+31 07 37.358,F8V,6.39900016784668,5.117000102996826,5.039000034332275,0.408,0.109,"Baines et al. 2008, ApJ, 680, 728",CLASSIC,False,Slightly irregular light curve. Nothing of note.
HD 20630,kap01 Cet,343813545,"4, 31",,,4184.909909413263,03 19 21.694, +03 22 12.60,G5Vvar,4.842,3.039,2.957,0.936,0.025,"Boyajian et al. 2012, ApJ, 746, 101",CLASSIC,False,Very messy light curve with doubling in sector 31.
HD 20630,kap01 Cet,343813545,31,,,4184.909909413263,03 19 21.694, +03 22 12.60,G5Vvar,4.842,3.039,2.957,0.936,0.025,"Boyajian et al. 2012, ApJ, 746, 101",CLASSIC,True,Very messy light curve with doubling in sector 31.
HD 21019,HD 21019,9967949,"4, 31",1.0,719.0010000000003,760.1627621958309,03 23 17.697,-07 47 38.57,G2V,6.215,4.579,4.417,0.606,0.015,"Boyajian et al. 2013, ApJ, 771, 40",CLASSIC,False,Very large spread in sector 4. ATL estimate seems off.
HD 22049,eps Eri,118572803,"4, 31",,,6962.853112896282,03 32 55.8449,-09 27 29.731,K2V,3.7300000190734863,1.75,1.6699999570846558,2.126,0.014,Di Folco et al. 2007,FLUOR,False,Doubling of sector 31.
HD 22049,eps Eri,118572803,31,,,6962.853112896282,03 32 55.8449,-09 27 29.731,K2V,3.7300000190734863,1.75,1.6699999570846558,2.126,0.014,Di Folco et al. 2007,FLUOR,True,Doubling of sector 31.
HD 22484,10 Tau,649766486,31,1.0,1318.9129999999998,,03 36 52.381, +00 24 05.43,F9V,4.29,2.9160000000000004,2.835,1.081,0.014,"Boyajian et al. 2012, ApJ, 746, 101",CLASSIC,False,ATL estimate seems off.
HD 23596,HD 23596,201266092,18,0.4490000009536743,1234.114,1468.3834838199703,03 48 00.3743,+40 31 50.300,F8,7.239999771118164,5.9619998931884775,5.874000072479247,0.381,0.044,"Baines et al. 2008, ApJ, 680, 728",CLASSIC,False,ATL estimate seems off.
HD 24398,zet Per,94367286,18,,,,03 54 07.932, +31 53 01.19,B1Ib,2.872,2.6210000000000004,2.603,0.542,0.006999999999999999,"Challouf et al. 2014, A&A, 570, A104",VEGA,False,Very irregular light curve but doesn't seem to have anything of note.
HD 24712,V* DO Eri,279485093,"5, 31",0.5460000038146973,1263.281,,03 55 16.1314,-12 05 56.729,A9VpSrEuCr,6.0,5.314000129699707,5.26200008392334,0.335,0.009000000000000001,"K. Perraut, et al., Astronomy & Astrophysics, 590, A117 (2016).",VEGA,False,Need to fix plot/lightcurve as two sectors are doubled up. Seems to have some oscillations at around the high end but might just be past the Nyquist due to the bad stitching.
HD 24712,V* DO Eri,279485093,31,0.5460000038146973,1263.281,,03 55 16.1314,-12 05 56.729,A9VpSrEuCr,6.0,5.314000129699707,5.26200008392334,0.335,0.009000000000000001,"K. Perraut, et al., Astronomy & Astrophysics, 590, A117 (2016).",VEGA,True,Need to fix plot/lightcurve as two sectors are doubled up. Seems to have some oscillations at around the high end but might just be past the Nyquist due to the bad stitching.
HD 25457,HD 25457,9150015,"5, 32",0.6010000109672546,2447.836,2390.03679644733,04 02 36.7451,-00 16 08.118,F7V,5.380000114440918,4.3420000076293945,4.181000232696533,0.5820000000000001,0.016,"G. Schaefer, et al., Astrophysical Journal, 858, 71 (2018).",CLASSIC,False,ATL estimate seems off.
HD 25457,HD 25457,9150015,32,0.6010000109672546,2447.836,2390.03679644733,04 02 36.7451,-00 16 08.118,F7V,5.380000114440918,4.3420000076293945,4.181000232696533,0.5820000000000001,0.016,"G. Schaefer, et al., Astrophysical Journal, 858, 71 (2018).",CLASSIC,True,ATL estimate seems off.
HD 26965,omi02 Eri,67772871,"5, 32",,,5546.022440631361,04 15 16.320,-07 39 10.34,K1V,4.419,2.594,2.498,1.504,0.006,"Boyajian et al. 2012, ApJ, 757, 112",CLASSIC,False,Nothing of note.
HD 26965,omi02 Eri,67772871,32,,,5546.022440631361,04 15 16.320,-07 39 10.34,K1V,4.419,2.594,2.498,1.504,0.006,"Boyajian et al. 2012, ApJ, 757, 112",CLASSIC,True,Nothing of note.
HD 29391,51 Eri,298810162,"5, 32",0.5429999828338623,1939.311,1496.606682735486,04 37 36.1323,-02 28 24.778,F0IV,5.209000110626222,4.769999980926514,4.537000179290772,0.518,0.009000000000000001,"M. Simon and G.H. Schaefer, The Astrophysical Journal, 743, 158 (2011).",CLASSIC,False,Very large spread in light curve. ATL estimate seems off.
HD 30652,pi.03 Ori,399665349,"5, 32",1.0,1896.297,1877.1783073656582,04 49 50.403, +06 57 40.93,F6V,3.1830000000000003,1.757,1.6,1.526,0.004,"Boyajian et al. 2012, ApJ, 746, 101",CLASSIC,False,ATL estimate seems off.
HD 31579,8 Cam,453086511,19,,,3.234826175795293,04 59 46.3283,+53 09 19.625,K3III,6.083000183105469,2.7980000972747803,2.5169999599456787,1.5930000000000002,0.008,"E. Baines et al., Astronomical Journal, 152, 66 (2016).",CLASSIC,False,Nothing of note.
HD 32518,HD 32518,310836777,19,,,35.5044618296947,05 09 36.7200,+69 38 21.855,K1III,6.420000076293945,3.992000102996826,3.91100001335144,0.851,0.022,"E.K. Baines, et al., The Astrophysical Journal, 710, 1365 (2010).",CLASSIC,False,Nothing of note.
HD 33564,HD 33564,142103211,"19, 20, 25, 26",0.996999979019165,1520.326,1632.8063739847446,05 22 33.5290,+79 13 52.142,F7V,,4.201000213623047,3.91100001335144,0.64,0.01,"K. von Braun, et al., Monthly Notices of the Royal Astronomical Society, 438, 2413 (2014).",CLASSIC,False,ATL estimate seems off.
HD 34411,lam Aur,409104974,19,0.9990000128746032,1826.711,2243.7335993446327,05 19 08.481, +40 05 56.59,G0V,4.684,3.154,3.0380000000000003,0.981,0.015,"Boyajian et al. 2012, ApJ, 746, 101",CLASSIC,False,ATL estimate seems off.
HD 35468,gam Ori,365572007,"6, 32",,,,05 25 07.863, +06 20 58.95,B2III,1.643,2.357,2.375,0.715,0.005,"Challouf et al. 2014, A&A, 570, A104",VEGA,False,Somewhat irregular light curve but otherwise nothing of note.
HD 36395,HD 36395,50726077,"6, 32",,,,05 31 27.396,-03 40 38.02,M1.5V,7.968,4.05,3.9,0.943,0.004,"Boyajian et al. 2012, ApJ, 757, 112",CLASSIC,False,Nothing of note.
HD 38529,HD 38529,200093173,6,1.0,419.767,472.5502162470616,05 46 34.9129,+01 10 05.512,G8III/IV,,4.380000114440918,4.2100000381469735,0.573,0.049,"Baines et al. 2008, ApJ, 680, 728",CLASSIC,False,ATL estimate seems off.
HD 38678,zet Lep,317132886,"6, 32",,,,05 46 57.3409,-14 49 19.019,A2IV-V(n),3.525000095367432,3.313999891281128,3.2860000133514404,0.67,0.14,"Akeson et al. 2009, ApJ, 691, 1896",FLUOR,False,Incredibly strange light curve. Should ask Tim.
HD 38858,HD 38858,176521059,6,,,4400.820459214963,05 48 34.950,-04 05 40.42,G4V,6.193,4.595,4.405,0.5720000000000001,0.009000000000000001,"Boyajian et al. 2013, ApJ, 771, 40",CLASSIC,False,Nothing of note.
HD 45410,6 Lyn,444865362,20,,,151.39940682506494,06 30 47.1070,+58 09 45.480,K0.5IIIbFe0.5,5.855000019073486,3.8250000476837163,3.700999975204468,0.97,0.035,"Baines, et al., The Astrophysical Journal, 701, 154 (2009)",CLASSIC,False,Potential oscillations around 100-250 uHz.
HD 45410,6 Lyn,444865362,20,,,151.39940682506494,06 30 47.1070,+58 09 45.480,K0.5IIIbFe0.5,5.855000019073486,3.8250000476837163,3.700999975204468,0.853,0.013,White et al. 2018,PAVO,False,Potential oscillations around 100-250 uHz.
HD 48737,ksi Gem,372480991,6,1.0,568.65,,06 45 17.373, +12 53 43.90,F5IV,3.3360000000000003,1.811,1.6880000000000002,1.401,0.009000000000000001,"Boyajian et al. 2012, ApJ, 746, 101",CLASSIC,False,ATL estimate seems off.
HD 49933,HD 49933,281812116,6,,,1702.6098212816737,06 50 49.831,-00 32 27.18,F3V,,,,0.445,0.012,"L. Bigot, et al., Astronomy and Astrophysics, 534, L3 (2011).",VEGA,False,Was in SSP project survey. Nothing of note.
HD 50890,HD 50890,282893379,6,,,5.348968053301636,06 54 58.9169,-02 48 12.925,K2III,6.017000198364258,3.7170000076293945,3.651999950408936,1.006,0.02,"E.K. Baines, et al., The Astrophysical Journal, 772, 16 (2013).",CLASSIC,False,Nothing of note.
HD 58946,rho Gem,239137207,20,0.8019999861717224,1715.037,1248.8315896007991,07 29 06.712, +31 47 04.36,F0V,4.169,3.156,2.978,0.853,0.014,"Boyajian et al. 2012, ApJ, 746, 101",CLASSIC,False,ATL estimate seems off.
HD 69830,HD 69830,307624961,7,,,4811.207907461385,08 18 23.9469,-12 37 55.810,G8:V,5.949999809265138,4.360000133514403,4.1649999618530265,0.674,0.014,"A. Tanner, et al., The Astrophysical Journal, 800, 115 (2015).",CLASSIC,False,Nothing of note.
HD 73108,pi.02 UMa,356478817,20,,,14.666713595073702,08 40 12.8204,+64 19 40.573,K1+III,4.610000133514403,1.940000057220459,1.8799999952316284,2.225,0.02,"E.K. Baines, et al., The Astrophysical Journal, 710, 1365 (2010).",CLASSIC,False,Nothing of note.
HD 75732,rho01 Cnc,332064670,21,,,4203.368948707352,08 52 35.794, +28 19 50.96,G8V,5.942,4.265,4.015,0.7240000000000001,0.012,"Ligi et al. 2016, A&A, 586, A94",VEGA,False,Many peaks probably are from exoplanet transits. Should check with Tim in case there are some oscillations.
HD 75732,rho01 Cnc,332064670,21,,,4203.368948707352,08 52 35.794, +28 19 50.96,G8V,,4.139999866485597,4.014999866485597,0.8540000000000001,0.024,"Baines et al. 2008, ApJ, 680, 728",CLASSIC,False,Many peaks probably are from exoplanet transits. Should check with Tim in case there are some oscillations.
HD 75732,rho01 Cnc,332064670,21,,,4203.368948707352,08 52 35.794, +28 19 50.96,G8V,,4.139999866485597,4.014999866485597,0.711,0.004,"K. von Braun, et al., The Astrophysical Journal, 740, 49 (2011).",CLASSIC,False,Many peaks probably are from exoplanet transits. Should check with Tim in case there are some oscillations.
HD 79210,HD 79210,251078595,21,,,,09 14 22.982, +52 41 12.53,M0V,7.631,3.987,3.988,0.871,0.015,"Boyajian et al. 2012, ApJ, 757, 112",CLASSIC,False,Nothing of note.
HD 79211,HD 79211,251078597,21,,,,09 14 24.856, +52 41 11.84,M0V,7.701,4.043,4.136,0.856,0.016,"Boyajian et al. 2012, ApJ, 757, 112",CLASSIC,False,Very strange descending light curve.
HD 81937,h UMa,86336880,"20, 21",0.5260000228881836,580.841,425.84864719945494,09 31 31.704, +63 03 42.75,F0IV,3.644,3.025,2.864,1.133,0.009000000000000001,"Boyajian et al. 2012, ApJ, 746, 101",CLASSIC,False,ATL estimate seems off.
HD 82885,11 LMi,8915802,21,,,3942.6989971912035,09 35 39.592, +35 48 36.65,G8IV-V,5.388,3.718,3.69,0.821,0.013,"Boyajian et al. 2012, ApJ, 746, 101",CLASSIC,False,Was in SSP project survey. Highly irregular light curve.
HD 86728,20 LMi,172954294,21,0.8019999861717224,2034.709,2668.231486270124,10 01 00.726, +31 55 26.22,G1V,5.376,4.04,3.821,0.7709999999999999,0.012,"Boyajian et al. 2012, ApJ, 746, 101",CLASSIC,False,ATL estimate seems off.
HD 89744,HD 89744,8154501,21,1.0,750.3760000000003,786.460129767338,10 22 10.5623,+41 13 46.308,F7V,,4.53000020980835,4.453999996185303,0.556,0.032,"G. Schaefer, et al., Astrophysical Journal, 858, 71 (2018).",CLASSIC,False,ATL estimate seems off.
HD 90043,24 Sex,1713457,8,,,163.78248509159343,10 23 28.3693,-00 54 08.077,K0IV,6.440999984741211,4.486000061035156,4.2849998474121085,0.659,0.009000000000000001,White et al. 2018,PAVO,False,Irregular light curve otherwise nothing of note.
HD 95418,bet UMa,141120277,21,,,,11 01 50.467, +56 22 56.63,A1V,2.341,2.359,2.285,1.149,0.014,"Boyajian et al. 2012, ApJ, 746, 101",CLASSIC,False,Was in SSP project survey. Seems more like rotation.
HD 95608,b Leo,97487099,22,,,,11 02 19.805, +20 10 47.29,A1V,4.401,4.324,4.315,0.43,0.017,"Maestro et al. 2013, MNRAS, 434, 1321",PAVO,False,Nothing of note.
HD 95735,HD 95735,166646191,22,,,,11 03 20.238, +35 58 11.76,M2V,7.52,3.64,3.254,1.432,0.013,"Boyajian et al. 2012, ApJ, 757, 112",CLASSIC,False,Nothing of note.
HD 97603,del Leo,159523958,22,,,,11 14 06.510, +20 31 25.82,A4V,2.549,2.191,2.144,1.328,0.009000000000000001,"Boyajian et al. 2012, ApJ, 746, 101",CLASSIC,False,Was in SSP project survey. Non-ideal light curve.
HD 97603,del Leo,159523958,22,,,,11 14 06.510, +20 31 25.82,A4V,2.5299999713897705,2.2799999713897705,2.240000009536743,1.165,0.022,"Akeson et al. 2009, ApJ, 691, 1896",FLUOR,False,Was in SSP project survey. Non-ideal light curve.
HD 97633,tet Leo,77172923,22,,,,11 14 14.425, +15 25 46.66,A2V,3.3160000000000003,3.19,3.082,0.74,0.024,"Maestro et al. 2013, MNRAS, 434, 1321",PAVO,False,Nothing of note.
HD 101501,61 UMa,101641846,22,,,5031.980825016621,11 41 03.012, +34 12 06.46,G8Vvar,5.3020000000000005,3.648,3.588,0.91,0.009000000000000001,"Boyajian et al. 2012, ApJ, 746, 101",CLASSIC,False,Irregular light curve otherwise nothing of note.
HD 102328,HD 102328,459186567,"15, 21, 22",,,33.179726360291454,11 46 55.6228,+55 37 41.487,K2.5IIIbCN1,5.254000186920166,2.884000062942505,2.631999969482422,1.606,0.006,"E.K. Baines, et al., The Astrophysical Journal, 710, 1365 (2010).",CLASSIC,False,Potential oscillations at 20-40 uHz.
HD 103095,HD 103095,309599261,22,,,9140.607944424055,11 52 58.806, +37 43 06.00,G5,6.426,4.5,4.373,0.696,0.005,"Boyajian et al. 2012, ApJ, 746, 101",CLASSIC,False,Nothing of note.
HD 103095,HD 103095,309599261,22,,,9140.607944424055,11 52 58.806, +37 43 06.00,G5,6.449999809265138,4.5,4.373000144958496,0.595,0.006999999999999999,"I. Karovicova, et al., Monthly Notices of the Royal Astronomical Society, 475, 81 (2018).",PAVO,False,Nothing of note.
HD 103095,HD 103095,309599261,22,,,9140.607944424055,11 52 58.806, +37 43 06.00,G5,6.449999809265138,4.5,4.373000144958496,0.679,0.006999999999999999,"O.L. Creevey, et al., Astronomy and Astrophysics, 545, 17 (2012).O.L. Creevey, et al., Astronomy and Astrophysics, 545, 17 (2012).",VEGA,False,Nothing of note.
HD 103605,66 UMa,284627497,"15, 21, 22",,,32.526787575657714,11 55 58.4171,+56 35 54.805,K1III,5.823999881744385,3.344000101089477,3.1029999256134038,1.098,0.01,"E.K. Baines, et al., The Astrophysical Journal, 710, 1365 (2010).",CLASSIC,False,Potential oscillations at 30 uHz.
HD 104985,HD 104985,160224839,"14, 20, 21",,,30.56018212807026,12 05 15.1177,+76 54 20.638,G8.5IIIb,,3.5469999313354488,3.2699999809265137,1.032,0.023,"Baines et al. 2008, ApJ, 680, 728",CLASSIC,False,Light curve needs cleaning.
HD 106574,HD 106574,148878896,"14, 15, 21",,,9.290863333088012,12 15 08.4925,+70 12 00.029,K2III,5.7189998626708975,3.005000114440918,2.7799999713897705,1.4980000000000002,0.028,"E.K. Baines, et al., The Astrophysical Journal, 710, 1365 (2010).",CLASSIC,False,Very large and inconsistent spread in light curve.
HD 109358,bet CVn,458445966,22,0.7739999890327454,3010.8320000000012,3162.9211111165187,12 33 44.543, +41 21 27.01,G0V,4.243,2.905,2.8480000000000003,1.238,0.03,"Boyajian et al. 2012, ApJ, 746, 101",CLASSIC,False,ATL estimate seems off.
HD 113049,HD 113049,198486253,"14, 15, 20",,,13.751290933073223,12 58 47.3525,+75 28 21.030,K0III,5.989999771118164,3.821000099182129,3.658999919891357,0.971,0.022,"E.K. Baines, et al., The Astrophysical Journal, 710, 1365 (2010).",CLASSIC,False,Nothing of note.
HD 113337,HD 113337,142350121,"14, 15, 21, 22",0.8309999704360962,1538.4029999999998,1497.051330534775,13 01 46.9272,+63 36 36.795,F6V,,5.052999973297119,5.005000114440918,0.386,0.009000000000000001,"S. Borgniet, et al., accepted by Astronomy and Astrophysics (2019).",VEGA,False,ATL estimate seems off.
HD 115383,e Vir,397587084,23,0.9810000061988832,1761.967,1991.8648193148094,13 16 46.5161,+09 25 26.967,G0V,,4.10699987411499,4.0329999923706055,0.71,0.02,"M. Bonnefoy, et al., Astronomy and Astrophysics, 618, 63 (2018).",VEGA,False,ATL estimate seems off.
HD 115617,61 Vir,422478973,10,0.4009999930858612,3047.512,3914.062856100674,13 18 24.3142,-18 18 40.304,G6.5V,4.739999771118164,2.9739999771118164,2.9560000896453857,1.073,0.005,"K. von Braun, et al., Monthly Notices of the Royal Astronomical Society, 438, 2413 (2014).",CLASSIC,False,ATL estimate seems off.
HD 117176,70 Vir,95473936,23,1.0,929.397,1031.1687915962618,13 28 25.8081,+13 46 43.642,G4Va,4.96999979019165,3.4570000171661377,3.240000009536743,1.009,0.024,"Baines et al. 2008, ApJ, 680, 728",CLASSIC,False,Was in SSP project survey and already measured.
HD 117176,70 Vir,95473936,23,1.0,929.397,1031.1687915962618,13 28 25.8081,+13 46 43.642,G4Va,4.96999979019165,3.4570000171661377,3.240000009536743,0.998,0.005,"S. R. Kane, et al., The Astrophysical Journal, 806, 60 (2015).",CLASSIC,False,Was in SSP project survey and already measured.
HD 118022,o Vir,365159284,23,,,,13 34 07.9318,+03 39 32.273,ApEuCrSr,4.940000057220459,4.900000095367432,4.879000186920166,0.34600000000000003,0.006,"K. Perraut, et al., Astronomy and Astrophysics, 579, 85 (2015).",VEGA,False,Nothing of note.
HD 118098,zet Vir,130726180,23,,,,13 34 41.745,-00 35 45.38,A3V,3.3680000000000003,3.154,3.2230000000000003,0.852,0.009000000000000001,"Boyajian et al. 2012, ApJ, 746, 101",CLASSIC,False,Was in SSP project survey. Hybrid pulsator.
HD 119850,GJ 526,72465347,23,,,,13 45 43.777, +14 53 29.46,M3V,8.487,4.78,4.415,0.835,0.014,"Boyajian et al. 2012, ApJ, 757, 112",CLASSIC,False,Nothing of note.
HD 119850,GJ 526,72465347,23,,,,13 45 43.777, +14 53 29.46,M3V,8.5,4.775000095367432,4.414999961853027,0.845,0.057,Berger et al. 2006,CLASSIC,False,Nothing of note.
HD 120136,tau Boo,72506701,23,1.0,1578.308,1729.423083366533,13 47 15.7434,+17 27 24.855,F7IV-V,4.489999771118164,3.5499999523162837,3.359999895095825,0.7859999999999999,0.016,"Baines et al. 2008, ApJ, 680, 728",CLASSIC,False,ATL estimate seems off.
HD 122563,HD 122563,457862177,23,,,4.711918667648808,14 02 31.8456,+09 41 09.942,G8:III:Fe-5,6.190000057220459,3.759999990463257,3.7309999465942383,0.926,0.011,"I. Karovicova, et al., Monthly Notices of the Royal Astronomical Society, 475, 81 (2018).",PAVO,False,Irregular light curve otherwise nothing of note.
HD 122563,HD 122563,457862177,23,,,4.711918667648808,14 02 31.8456,+09 41 09.942,G8:III:Fe-5,6.190000057220459,3.759999990463257,3.7309999465942383,0.94,0.011,"O.L. Creevey, et al., Astronomy and Astrophysics, 545, 17 (2012).O.L. Creevey, et al., Astronomy and Astrophysics, 545, 17 (2012).",VEGA,False,Irregular light curve otherwise nothing of note.
HD 125162,lam Boo,168708816,"16, 23",,,,14 16 23.0187,+46 05 17.900,A0Va_lB,4.179999828338623,4.0300002098083505,3.910000085830689,0.5329999999999999,0.029,Ciardi et al. 2007,CLASSIC,False,Definitely has oscillations at around 490 uHz.
HD 126660,tet Boo,441709021,"16, 22, 23",1.0,1259.6989999999996,1168.929439906583,14 25 11.816, +51 51 02.99,F7V,4.04,2.98,2.739,1.109,0.006999999999999999,"Boyajian et al. 2012, ApJ, 746, 101",CLASSIC,False,Very large distortion in sectors 22 and 23. Need to check/fix.
HD 128167,sig Boo,157966796,"23, 24",0.781000018119812,2453.943,2056.918549351086,14 34 40.810, +29 44 42.29,F3Vwvar,4.467,3.462,3.3360000000000003,0.841,0.013,"Boyajian et al. 2012, ApJ, 746, 101",CLASSIC,False,"Large distortion in sector 24, however using only sector 23 does not show oscillations. Was in SSP project survey."
HD 130948,HD 130948,198304072,24,,,3486.255184298311,14 50 15.814, +23 54 42.47,G2V,5.8679999999999986,4.688,4.458,0.569,0.011,"Boyajian et al. 2013, ApJ, 771, 40",CLASSIC,False,Was in SSP project survey. Nothing of note.
HD 136726,11 UMi,230061010,"14, 15, 16, 20, 21, 22, 23, 26",,,5.04026938089643,15 17 05.8915,+71 49 26.037,K4III,5.014999866485597,2.0910000801086426,1.9390000104904173,2.336,0.02,"E.K. Baines, et al., The Astrophysical Journal, 710, 1365 (2010).",CLASSIC,False,Large and inconsisten spread across sectors.
HD 137443,HD 137443,202505374,"14, 15, 16, 21, 22, 23",,,11.549352059806695,15 22 38.4088,+63 20 29.273,K4III,5.7119998931884775,3.002000093460083,2.782000064849853,1.69,0.031,"E.K. Baines, et al., The Astrophysical Journal, 710, 1365 (2010).",CLASSIC,False,Potential oscillations at 17 uHz.
HD 137759,iot Dra,165722603,"15, 16, 22, 23, 24",,,,15 24 55.7746,+58 57 57.834,K2III,3.2899999618530287,0.7239999771118164,0.6800000071525574,3.596,0.015,"E.K. Baines, et al., The Astrophysical Journal, 743, 130 (2011).",CLASSIC,False,Potential oscillations at 40 uHz.
HD 138265,HD 138265,202510300,"15, 22, 23, 24",,,3.513267974557222,15 27 51.4246,+60 40 12.793,K5III,5.9000000953674325,1.8550000190734863,1.587000012397766,2.062,0.038,"E.K. Baines, et al., The Astrophysical Journal, 710, 1365 (2010).",CLASSIC,False,Very large spread in light curve otherwise nothing of note.
HD 139357,HD 139357,224312054,"16, 22, 23, 24",,,25.77242288217688,15 35 16.1984,+53 55 19.714,K4III:,5.964000225067139,3.5929999351501465,3.4059998989105225,1.073,0.013,"E.K. Baines, et al., The Astrophysical Journal, 710, 1365 (2010).",CLASSIC,False,Potential oscillations at 40 uHz.
HD 142091,kap CrB,334753043,24,,,173.11691800113758,15 51 13.9314,+35 39 26.564,K1IVa,4.820000171661377,2.5799999237060547,2.490000009536743,1.456,0.02,White et al. 2018,PAVO,False,Potential oscillations at 230-250 uHz.
HD 143761,rho CrB,458494003,"24, 25",0.7860000133514404,1976.516,2130.778156822291,16 01 02.6608,+33 18 12.642,G0+VaFe-1,,3.990000009536743,3.890000104904175,0.735,0.014,"K. von Braun, et al., Monthly Notices of the Royal Astronomical Society, 438, 2413 (2014).",CLASSIC,False,ATL estimate seems off.
HD 143761,rho CrB,458494003,"24, 25",0.7860000133514404,1976.516,2130.778156822291,16 01 02.6608,+33 18 12.642,G0+VaFe-1,,3.990000009536743,3.890000104904175,0.6859999999999999,0.044,"Baines et al. 2008, ApJ, 680, 728",CLASSIC,False,ATL estimate seems off.
HD 145675,14 Her,219483057,"24, 25",,,3872.9186336027606,16 10 24.3152,+43 49 03.498,K0V,,4.802999973297119,4.714000225067139,0.459,0.017,"K. von Braun, et al., Monthly Notices of the Royal Astronomical Society, 438, 2413 (2014).",CLASSIC,False,Nothing of note.
HD 145675,14 Her,219483057,"24, 25",,,3872.9186336027606,16 10 24.3152,+43 49 03.498,K0V,,4.802999973297119,4.714000225067139,0.371,0.044,"Baines et al. 2008, ApJ, 680, 728",CLASSIC,False,Nothing of note.
HD 148293,HD 148293,230080609,"14, 16, 17, 18, 19, 20, 21, 22, 23, 24, 25, 26",,,25.38688398800107,16 21 48.7120,+69 06 33.808,K2III,5.263999938964844,2.9579999446868896,2.713000059127808,1.48,0.06,"E.K. Baines, et al., The Astrophysical Journal, 731, 132 (2011).",CLASSIC,False,Potential oscillations at 30 uHz.
HD 150010,HD 150010,233008631,"14, 15, 16, 17, 18, 19, 20, 21, 22, 23, 24, 25",,,13.297829604662398,16 31 28.2274,+72 36 44.410,K2III,6.303999900817871,3.4609999656677246,3.1770000457763667,1.024,0.029,"E.K. Baines, et al., The Astrophysical Journal, 710, 1365 (2010).",CLASSIC,False,Potential oscillations at 17 uHz.
HD 152812,HD 152812,115507350,"24, 25, 26",,,3.2291952381634017,16 53 17.5445,+47 25 00.197,K2III,5.986999988555907,2.970999956130981,2.565000057220459,1.44,0.004,"E.K. Baines, et al., The Astrophysical Journal, 710, 1365 (2010).",CLASSIC,False,Irregular light curve with strange peak at around 90 uHz.
HD 153956,HD 153956,224598071,"15, 16, 17, 19, 20, 22, 23, 24, 25, 26",,,37.17695847876908,16 59 21.5189,+56 41 19.012,K1III:,6.040999889373777,3.5720000267028813,3.2790000438690186,0.983,0.023,"E. Baines et al., Astronomical Journal, 152, 66 (2016).",CLASSIC,False,Potential oscillations at 35 uHz.
HD 154345,HD 154345,198562505,"24, 25, 26",,,5060.714834738096,17 02 36.4039,+47 04 54.762,G9,,5.0980000495910645,5.002999782562256,0.502,0.026,"Baines, et al., The Astrophysical Journal, 701, 154 (2009)",CLASSIC,False,Nothing of note.
HD 154633,HD 154633,459978312,"14, 15, 16, 17, 18, 19, 20, 21, 22, 24, 25, 26",,,49.695470649019846,17 02 15.724, +64 36 02.52,G5V,6.091,3.848,3.893,0.804,0.012,"Ligi et al. 2016, A&A, 586, A94",VEGA,False,Seems like there is low frequency oscillations.
HD 157214,w Her,9728611,"25, 26",0.3370000123977661,2696.407,2964.3395061693827,17 20 39.295, +32 28 21.15,G0V,5.381,3.9,3.91,0.725,0.012,"Boyajian et al. 2013, ApJ, 771, 40",CLASSIC,False,ATL estimate seems off.
HD 157681,HD 157681,188694034,"17, 20, 23, 24, 26",,,2.0136979075210957,17 21 45.3682,+53 25 13.546,K4III,5.677000045776367,2.3399999141693115,2.0409998893737797,1.908,0.013,"E. Baines et al., Astronomical Journal, 152, 66 (2016).",CLASSIC,False,Very messy light curve.
HD 158633,HD 158633,219880402,"14, 15, 16, 17, 18, 20, 21, 23, 24, 25, 26",,,6659.865279699435,17 25 00.194, +67 18 24.65,K0V,6.42,4.637,4.515,0.573,0.01,"Boyajian et al. 2013, ApJ, 771, 40",CLASSIC,False,Large and inconsistent spread across sectors. Nothing of note.
HD 160290,y Her,321601892,"24, 25, 26",,,15.725350831879028,17 36 37.6544,+48 35 08.266,K1III,5.3530001640319815,3.1600000858306885,2.875999927520752,1.515,0.01,"E.K. Baines, et al., The Astrophysical Journal, 710, 1365 (2010).",CLASSIC,False,Potential oscillations at 17 uHz.
HD 160762,iot Her,164319891,"25, 26",,,,17 39 27.889, +46 00 22.74,B3V,3.799,4.349,4.228,0.31,0.01,"Challouf et al. 2014, A&A, 570, A104",VEGA,False,Nothing of note.
HD 161178,HD 161178,441797545,"14, 15, 16, 17, 18, 19, 21, 22, 23, 24, 25, 26",,,33.44793744348874,17 37 08.885, +72 27 20.92,G9III,5.869,3.766,3.657,0.944,0.043,"Ligi et al. 2016, A&A, 586, A94",VEGA,False,Large peak around 40 uHz.
HD 162003,psi01 Dra A,441804568,"14, 15, 16, 17, 18, 19, 21, 22, 24, 25, 26",1.0,1067.908,788.4398430328606,17 41 56.353, +72 08 56.13,F5IV-V,4.559,3.648,3.502,0.949,0.026,"Boyajian et al. 2012, ApJ, 746, 101",CLASSIC,False,Was in SSP project survey. Needs a lot of data cleaning.
HD 167042,HD 167042,353988778,"14, 15, 17, 18, 19, 21, 22, 24, 25, 26",,,212.56586159476726,18 10 31.665, +54 17 11.45,K1III,5.965,3.556999921798706,3.5499999523162837,0.823,0.011,White et al. 2018,PAVO,False,Potential oscillations at 250 uHz.
HD 167042,HD 167042,353988778,"14, 15, 17, 18, 19, 21, 22, 24, 25, 26",,,212.56586159476726,18 10 31.665, +54 17 11.45,K1III,5.965,3.557,3.55,1.056,0.014,"Ligi et al. 2016, A&A, 586, A94",VEGA,False,Potential oscillations at 250 uHz.
HD 168151,36 Dra,233121747,"15, 16, 17, 18, 19, 20, 21, 22, 23, 24, 25, 26",1.0,1486.385,1312.1907969154104,18 13 53.827, +64 23 50.20,F5V,4.992,4.059,3.944,0.664,0.015,"Ligi et al. 2016, A&A, 586, A94",VEGA,False,Stephanie Bryson has studied this star earlier.
HD 168151,36 Dra,233121747,"15, 16, 17, 18, 19, 20, 21, 22, 23, 24, 25, 26",1.0,1486.385,1312.1907969154104,18 13 53.827, +64 23 50.20,F5V,4.992,4.059,3.944,0.713,0.009000000000000001,"Boyajian et al. 2013, ApJ, 771, 40",CLASSIC,False,Stephanie Bryson has studied this star earlier.
HD 170693,42 Dra,233721425,"14, 15, 16, 17, 18, 20, 21, 23, 24, 25, 26",,,10.380218551001395,18 25 59.160, +65 33 48.65,K2III,4.822999954223633,2.197000026702881,2.0850000381469727,2.041,0.043,"E.K. Baines, et al., The Astrophysical Journal, 710, 1365 (2010).",CLASSIC,False,Potential oscillations at 10 uHz.
HD 170693,42 Dra,233721425,"14, 15, 16, 17, 18, 20, 21, 23, 24, 25, 26",,,10.380218551001395,18 25 59.160, +65 33 48.65,K2III,4.822,2.197,2.085,2.097,0.009000000000000001,"Ligi et al. 2016, A&A, 586, A94",VEGA,False,Potential oscillations at 10 uHz.
HD 170693,42 Dra,233721425,"14, 15, 16, 17, 18, 20, 21, 23, 24, 25, 26",,,10.380218551001395,18 25 59.160, +65 33 48.65,K2III,4.822999954223633,2.197000026702881,2.0850000381469727,2.12,0.02,"R. Ligi, et al., Astronomy and Astrophysics, 545, 5 (2012).",VEGA,False,Potential oscillations at 10 uHz.
HD 173416,HD 173416,157951225,26,,,24.702450998298367,18 43 36.104, +36 33 23.78,K0,6.045,3.929,3.814,0.995,0.034,"Ligi et al. 2016, A&A, 586, A94",VEGA,False,Nothing of note.
HD 173667,110 Her,282038438,26,1.0,895.678,813.0886755905046,18 45 39.729, +20 32 46.64,F6V,4.202,3.286,3.19,1.0,0.006,"Boyajian et al. 2012, ApJ, 746, 101",CLASSIC,False,ATL estimate seems off.
HD 173701,HD 173701,123234496,"14, 26",,,4205.096541983047,18 44 35.1192,+43 49 59.789,G8V,7.519999980926514,5.750999927520753,5.670000076293945,0.332,0.006,"Huber et al. 2012, ApJ, 760, 32",PAVO,False,Nothinfg of note.
HD 173739,HD 173739,359676790,"15, 16, 17, 18, 19, 20, 21, 22, 23, 24, 25, 26",,,,18 42 46.663, +59 37 49.93,M3V,4.7410000000000005,4.7410000000000005,4.432,0.937,0.008,"Boyajian et al. 2012, ApJ, 757, 112",CLASSIC,False,Very large and inconsistent spread across sectors.
HD 173740,HD 173740,392572237,"15, 16, 17, 18, 19, 20, 21, 22, 23, 24, 25, 26",,,,18 42 46.885, +59 37 37.42,M3.5V,5.197,5.197,5.0,0.851,0.015,"Boyajian et al. 2012, ApJ, 757, 112",CLASSIC,False,Very large and inconsistent spread across sectors.
HD 175823,HD 175823,236813492,"14, 15, 16, 17, 18, 19, 20, 21, 22, 23, 24, 25, 26",,,10.496997238715002,18 53 46.3093,+57 29 11.602,K5III:,6.23199987411499,3.703999996185303,3.5739998817443848,0.988,0.023,"E.K. Baines, et al., The Astrophysical Journal, 710, 1365 (2010).",CLASSIC,False,Potential oscillations at 17 uHz.
HD 176408,48 Dra,376975340,"14, 15, 16, 17, 18, 19, 20, 22, 23, 24, 25, 26",,,31.9882695043952,18 56 45.0374,+57 48 53.352,K1III,5.6630001068115225,3.1710000038146973,2.996999979019165,1.125,0.023,"E.K. Baines, et al., The Astrophysical Journal, 710, 1365 (2010).",CLASSIC,False,Potential oscillations at 40 uHz.
HD 176437,gam Lyr,20780347,14,,,,18 58 56.634, +32 41 22.24,B9III,3.2430000000000003,3.227,3.122,0.753,0.009000000000000001,"Maestro et al. 2013, MNRAS, 434, 1321",PAVO,False,Very choppy light curve but otherwise nothing of note.
HD 176437,gam Lyr,20780347,14,,,,18 58 56.634, +32 41 22.24,B9III,3.2430000000000003,3.227,3.122,0.7659999999999999,0.01,"Challouf et al. 2014, A&A, 570, A104",VEGA,False,Very choppy light curve but otherwise nothing of note.
HD 177153,HD 177153,120495825,"14, 26",,,2259.8312129392802,19 01 39.6781,+41 29 24.325,G0,7.210000038146973,5.922999858856201,5.828999996185303,0.289,0.006,"Huber et al. 2012, ApJ, 760, 32",PAVO,False,Nothing of note.
HD 181068,HD 181068,121945407,14,,,26.77605033688027,19 17 08.9783,+41 15 53.303,G8III+G8V+K1V,7.090000152587893,5.053999900817871,4.940999984741211,0.461,0.011,"A. Derekas, et al., Science, 332, 316 (2011).",PAVO,False,Very strange light curve with potential oscillations at <100 uHz.
HD 182736,HD 182736,159580128,15,1.0,459.514,514.361282335744,19 24 03.3794,+44 56 00.735,G8IV,7.010000228881836,5.135000228881836,5.027999877929688,0.436,0.005,"Huber et al. 2012, ApJ, 760, 32",PAVO,False,Potential oscillations at 600 uHz.
HD 184171,8 Cyg,22463866,14,,,,19 31 46.313, +34 27 10.43,B3IV,4.735,5.093,5.114,0.234,0.011,"Challouf et al. 2014, A&A, 570, A104",VEGA,False,Slightly irregular light curve but otherwise nothing of note.
HD 184293,HD 184293,26665833,"14, 15",,,9.168645500332946,19 31 19.3312,+50 18 24.139,K1III,5.539999961853027,2.8949999809265137,2.5209999084472656,1.548,0.022,"E. Baines et al., Astronomical Journal, 152, 66 (2016).",CLASSIC,False,Nothing of note.
HD 185351,HD 185351,270858200,"14, 15",,,151.35226868095535,19 36 37.9763,+44 41 41.760,G8.5IIIbFe-0.5,5.169000148773193,3.1549999713897705,2.999000072479248,1.12,0.016,"J. Johnson, et al., The Astrophysical Journal, 794, 15 (2014).",CLASSIC,False,Seems like there are oscillations at around 250 uHz.
HD 185351,HD 185351,270858200,"14, 15",,,151.35226868095535,19 36 37.9763,+44 41 41.760,G8.5IIIbFe-0.5,5.169000148773193,3.1549999713897705,2.999000072479248,1.133,0.009000000000000001,"J. Johnson, et al., The Astrophysical Journal, 794, 15 (2014).",PAVO,False,Seems like there are oscillations at around 250 uHz.
HD 185395,tet Cyg,27014182,"14, 15",1.0,1713.701,1453.4708250566616,19 36 26.543, +50 13 15.57,F4V,4.480000019073486,3.7200000286102295,3.5199999809265137,0.76,0.003,"R. Ligi, et al., Astronomy and Astrophysics, 545, 5 (2012).",VEGA,False,Was in SSP project survey. Might need some cleaning to get better data.
HD 185395,tet Cyg,27014182,"14, 15",1.0,1713.701,1453.4708250566616,19 36 26.543, +50 13 15.57,F4V,4.493,3.716,3.537,0.861,0.015,"Boyajian et al. 2012, ApJ, 746, 101",CLASSIC,False,Was in SSP project survey. Might need some cleaning to get better data.
HD 185395,tet Cyg,27014182,"14, 15",1.0,1713.701,1453.4708250566616,19 36 26.543, +50 13 15.57,F4V,4.493,3.716,3.537,0.7490000000000001,0.008,"Ligi et al. 2016, A&A, 586, A94",VEGA,False,Was in SSP project survey. Might need some cleaning to get better data.
HD 185395,tet Cyg,27014182,"14, 15",1.0,1713.701,1453.4708250566616,19 36 26.543, +50 13 15.57,F4V,4.493,3.716,3.537,0.753,0.009000000000000001,White et al. 2013,PAVO,False,Was in SSP project survey. Might need some cleaning to get better data.
HD 186408,16 Cyg A,27533341,"14, 15",0.6940000057220459,2053.002,2380.1369600081825,19 41 48.965, +50 31 30.54,G2V,5.949,4.724,4.426,0.5539999999999999,0.011,"Boyajian et al. 2013, ApJ, 771, 40",CLASSIC,False,ATL estimate seems off.
HD 186408,16 Cyg A,27533341,"14, 15",0.6940000057220459,2053.002,2380.1369600081825,19 41 48.965, +50 31 30.54,G2V,5.949,4.724,4.426,0.539,0.006999999999999999,White et al. 2013,PAVO,False,ATL estimate seems off.
HD 186427,16 Cyg B,27533327,"14, 15",0.6940000057220459,2053.002,2929.8638801136617,19 41 51.984, +50 31 03.28,G5V,6.199999809265138,4.699999809265137,4.651000022888184,0.426,0.056,"Baines et al. 2008, ApJ, 680, 728",CLASSIC,False,Was in SSP project survey. Needs cleaning.
HD 186427,16 Cyg B,27533327,"14, 15",0.6940000057220459,2053.002,2929.8638801136617,19 41 51.984, +50 31 03.28,G5V,6.199,4.695,4.651,0.49,0.006,White et al. 2013,PAVO,False,Was in SSP project survey. Needs cleaning.
HD 186427,16 Cyg B,27533327,"14, 15",0.6940000057220459,2053.002,2929.8638801136617,19 41 51.984, +50 31 03.28,G5V,6.199,4.695,4.651,0.513,0.012,"Boyajian et al. 2013, ApJ, 771, 40",CLASSIC,False,Was in SSP project survey. Needs cleaning.
HD 186815,HD 186815,293806873,"14, 16, 20",,,113.06596209385002,19 43 39.4965,+57 02 33.771,K2III,6.2820000648498535,4.322000026702882,4.316999912261963,0.731,0.02,"E.K. Baines, et al., The Astrophysical Journal, 710, 1365 (2010).",CLASSIC,False,Potential oscillations at 90 uHz.
HD 190228,HD 190228,117905020,14,1.0,545.1,583.9283301795039,20 03 00.7728,+28 18 24.684,G5IV,7.296000003814697,5.440999984741211,5.352000236511231,0.453,0.046,"Baines et al. 2008, ApJ, 680, 728",CLASSIC,False,ATL estimate seems off.
HD 192781,HD 192781,236882599,"14, 15, 16, 17, 24",,,3.0692381060779743,20 13 27.6168,+60 38 26.046,K5III,5.78000020980835,2.361000061035156,2.128000020980835,1.859,0.003,"E.K. Baines, et al., The Astrophysical Journal, 710, 1365 (2010).",CLASSIC,False,Very large and inconsistent spread across sectors.
HD 199305,HD 199305,365670764,"15, 16, 17, 24",,,,20 53 19.772, +62 09 15.67,M2V,8.576,4.919,4.618,0.722,0.008,"Boyajian et al. 2012, ApJ, 757, 112",CLASSIC,False,Large spread across sectors otherwise nothing of note.
HD 200205,HD 200205,421448572,"15, 16, 17",,,2.343272550733382,20 59 25.3838,+59 26 18.957,K4III,5.526000022888184,2.453000068664551,2.1470000743865967,2.032,0.045,"E.K. Baines, et al., The Astrophysical Journal, 710, 1365 (2010).",CLASSIC,False,Very messy light curve.
HD 201091,61 Cyg A,165602000,15,,,8448.68523179662,21 06 53.9396,+38 44 57.897,K5V,5.210000038146973,2.5,2.6800000667572017,1.775,0.013,"Kervella et al. 2008, A&A, 488, 667",FLUOR,False,Nothing of note.
HD 202850,sig Cyg,167407697,15,,,,21 17 24.945, +39 23 40.27,B9Iab,4.244,3.864,3.683,0.527,0.016,"Maestro et al. 2013, MNRAS, 434, 1321",PAVO,False,Very bad light curve.
HD 209369,16 Cep,366412503,"17, 18, 19, 24, 25",1.0,659.7719999999998,521.184067841753,21 59 14.951, +73 10 47.64,F5V,5.034,4.027,3.96,0.621,0.018000000000000002,"Ligi et al. 2016, A&A, 586, A94",VEGA,False,Potentially could be better with cleaning. ATL estimate seems off.
HD 213558,alf Lac,468816607,"16, 17",,,,22 31 17.512, +50 16 57.15,A1V,3.77,3.867,3.851,0.634,0.022,"Boyajian et al. 2012, ApJ, 746, 101",CLASSIC,False,Was in SSP project survey. Seems more like rotation.
HD 214868,11 Lac,299208777,16,,,5.352829477622291,22 40 30.8588,+44 16 34.704,K2.5III,4.460000038146973,1.8170000314712524,1.4600000381469729,2.7310000000000003,0.024,"E.K. Baines, et al., The Astrophysical Journal, 710, 1365 (2010).",CLASSIC,False,Irregular light curve otherwise nothing of note.
HD 216174,HD 216174,444179899,"16, 17, 24",,,9.766265777507497,22 49 46.3147,+55 54 09.990,K1III,5.439000129699707,2.9219999313354488,2.625,1.598,0.012,"E. Baines et al., Astronomical Journal, 152, 66 (2016).",CLASSIC,False,Large spread in light curve. Nothing of note.
HD 217675,omi And,155030422,16,,,,23 01 55.274, +42 19 33.42,B6IIIpe,3.631,3.841,3.886,0.508,0.015,"Maestro et al. 2013, MNRAS, 434, 1321",PAVO,False,Light curve is strange and there are many low signals.
HD 218029,HD 218029,427550855,"17, 18, 24",,,10.245257459827734,23 03 32.8827,+67 12 33.153,K3III,5.230000019073486,2.499000072479248,2.325000047683716,1.862,0.044,"E. Baines et al., Astronomical Journal, 152, 66 (2016).",CLASSIC,False,Nothing of note.
HD 218560,HD 218560,435446525,"17, 18, 24",,,4.3075132117129975,23 07 57.191, +64 13 21.29,K0,6.206,3.822,3.666,0.927,0.022,"Ligi et al. 2016, A&A, 586, A94",VEGA,False,Large spread in light curve.
HD 219080,7 And,252756054,"16, 17",0.5260000228881836,1432.665,1119.5717826394682,23 12 32.992, +49 24 22.27,F0V,4.53,3.76,3.791,0.648,0.008,"Maestro et al. 2013, MNRAS, 434, 1321",PAVO,False,Very large and irregular spread between light curve sections. ATL estimate seems off.
HD 219134,HD 219134,283722336,"17, 24",,,7180.895338933757,23 13 16.921, +57 10 05.99,K3Vvar,5.561,3.469,3.261,1.106,0.006999999999999999,"Boyajian et al. 2012, ApJ, 757, 112",CLASSIC,False,Nothing of note.
HD 219623,HD 219623,24467943,"16, 17",0.6980000138282776,2050.547,2159.7697644732166,23 16 42.289, +53 12 48.92,F7V,5.577000000000001,4.599,4.306,0.542,0.016,"Boyajian et al. 2013, ApJ, 771, 40",CLASSIC,False,No comment.
HD 221345,14 And,333225860,"16, 17",,,32.82078470973674,23 31 17.426, +39 14 10.20,K0III,5.225,2.608,2.331,1.489,0.032,"Ligi et al. 2016, A&A, 586, A94",VEGA,False,Nothing of note.
HD 221345,14 And,333225860,"16, 17",,,32.82078470973674,23 31 17.426, +39 14 10.20,K0III,5.225,2.6080000400543213,2.3310000896453857,1.51,0.02,"R. Ligi, et al., Astronomy and Astrophysics, 545, 5 (2012).",VEGA,False,Nothing of note.
HD 221345,14 And,333225860,"16, 17",,,32.82078470973674,23 31 17.426, +39 14 10.20,K0III,5.225,2.6080000400543213,2.3310000896453857,1.336,0.009000000000000001,"Baines, et al., The Astrophysical Journal, 701, 154 (2009)",CLASSIC,False,Nothing of note.
HD 222404,gam Cep,367912480,"18, 24, 25",,,,23 39 20.9015,+77 37 56.505,K1III-IVCN1,,1.190000057220459,1.037999987602234,3.302,0.029,"Baines, et al., The Astrophysical Journal, 701, 154 (2009)",CLASSIC,False,Potential oscillations at ~200 uHz.
